tweetid,sentiment
169760,1
35326,0
224985,1
476263,1
872928,0
75639,0
211536,1
569434,1
315368,1
591733,1
91983,0
67249,0
143459,1
663535,1
20476,1
815297,0
274098,1
30045,1
681487,1
708966,0
393689,0
186705,0
233977,0
525794,1
863649,0
315964,0
588985,1
669979,1
137059,1
556915,1
951973,0
72939,1
205796,0
478581,0
453375,1
555551,1
219030,1
546209,1
416919,0
433824,1
621526,1
616108,1
70943,1
153248,0
854719,1
616444,1
118418,1
846132,1
443106,1
758958,1
376412,2
667731,0
222107,1
349545,1
284026,1
564727,1
522979,1
460970,0
371750,1
251299,1
485211,1
502976,0
623282,1
217605,1
225330,1
58854,1
723671,1
366409,1
704565,1
655925,1
717618,1
922449,0
729885,1
599133,0
89885,1
249039,1
440750,0
18663,0
314549,1
643414,1
61835,0
659073,0
178597,1
152298,0
581943,1
781913,1
336886,1
624852,1
655116,1
5591,0
731620,0
872882,1
320393,0
353463,0
816508,1
636325,1
53058,0
725589,1
693559,0
66255,1
218797,0
307092,0
188557,-1
137392,1
597086,0
96006,0
330509,1
78639,1
536231,0
304814,1
553696,0
455898,1
745466,1
846719,0
722710,1
989172,2
492079,1
315869,0
32675,0
959684,1
641938,0
933443,1
458401,1
554994,0
461467,1
902353,1
178794,0
387356,1
380276,1
824355,0
685606,1
85488,1
50608,0
447977,1
943930,0
183083,1
359626,1
810128,0
380913,1
516209,0
993538,1
594772,1
22428,1
991876,1
504172,1
283272,0
914599,1
752129,0
701957,0
858489,0
221704,1
409406,0
468372,0
818509,0
204729,0
394896,1
397593,0
465474,1
450344,1
502719,1
816499,1
291002,0
301225,0
402773,1
81233,0
642569,2
900041,0
67900,1
237131,1
311030,1
975455,1
69232,1
156024,0
268543,1
586693,1
709157,1
582003,1
689136,1
953619,1
971710,0
809619,1
595597,1
274499,0
771063,1
597739,1
110053,0
723442,1
881554,2
704923,1
822018,1
505322,1
120776,0
404757,0
811053,1
317696,1
734766,0
841196,1
400682,1
649511,1
740566,1
798359,1
861578,0
5417,1
609894,1
174874,0
227482,0
316886,1
112798,0
44507,0
444423,0
878768,1
951095,1
970445,1
208227,1
545402,1
498559,1
454769,1
490905,0
343981,1
891649,0
794296,1
669149,1
104997,1
54711,1
756770,0
632633,0
882503,1
604089,1
37591,1
304290,1
167356,2
398680,1
268980,1
485450,1
246743,0
83632,0
804653,0
614272,1
699619,1
128361,0
617614,1
756863,1
550624,1
971913,1
597102,1
468901,1
512603,1
869,0
135515,1
471002,1
76054,0
835455,2
593722,-1
209903,1
311687,1
38624,2
140169,1
50739,0
134179,0
368885,0
955073,2
642519,1
849811,1
377434,1
61946,1
128149,1
545779,0
145812,0
839220,1
23630,1
631635,1
659284,0
636800,1
246233,2
224961,1
227170,1
24500,1
444613,1
173797,0
183700,0
305251,1
487336,1
521403,0
741971,0
171732,1
354162,1
572875,1
337961,1
39327,0
666488,1
686787,0
248289,1
644357,1
106812,1
492300,2
929522,0
827492,1
92888,0
748860,0
544547,0
970736,1
805808,0
320551,0
210944,1
109631,1
251292,1
170364,1
948426,1
780776,1
693604,1
799998,1
373943,2
593149,1
264289,1
479344,1
820909,1
492817,1
831733,1
405413,1
685176,0
982870,0
92655,0
929710,1
365298,1
597644,1
908494,1
532450,1
431470,0
261786,1
126953,1
157454,1
911863,1
968491,1
341684,1
868000,1
937870,1
196243,0
749947,1
10201,1
861465,0
418775,1
561942,1
61831,0
224428,1
470738,1
694377,0
557591,1
504856,0
988980,1
811937,1
78955,1
166783,1
2520,0
268418,1
911873,1
380946,1
841067,1
760341,0
872864,0
833511,0
795400,1
947288,0
97754,0
848402,0
77036,1
280663,1
654324,0
105628,0
227665,1
169839,1
334216,1
502105,1
174279,1
193681,1
457324,1
562231,0
254480,1
432635,0
916814,1
217862,1
454694,1
512554,1
249736,1
979904,1
841942,0
141852,0
279014,1
511552,1
502057,1
822243,1
586976,1
870627,0
809260,0
258979,1
342572,1
833715,0
63205,0
327,0
286773,0
831328,1
265516,0
988076,1
92963,0
813089,1
372840,1
460869,1
700900,1
54421,1
83811,0
932229,0
14731,0
416245,1
91717,1
37782,0
168950,1
791767,1
612474,1
863569,0
833620,1
831050,1
327186,0
70954,1
744906,0
410805,1
321290,0
560166,1
199999,1
520958,0
486093,1
433768,1
170942,1
97769,1
574580,1
427983,1
536786,2
64572,1
932658,1
875904,1
388184,1
448406,0
280094,0
196585,1
297123,0
583405,1
749358,0
8540,1
92130,1
682459,1
493774,0
81514,0
937131,0
683822,0
181932,1
185061,0
718905,1
467768,0
50360,1
37282,1
324725,1
587613,0
759085,1
995304,1
62430,1
959472,1
134816,0
443799,0
84144,0
626595,1
382192,1
249680,1
209100,1
505060,1
510212,1
454150,1
900706,2
355447,1
415557,1
431394,1
796461,0
551013,0
71926,1
260753,0
883406,1
973790,1
673020,0
573493,1
850799,1
596499,1
430720,0
970612,1
645141,0
122672,0
572212,0
590281,1
185082,1
643999,1
276142,1
522428,1
242869,0
859835,1
179238,1
830861,0
659715,0
742214,1
44768,0
156753,1
689726,1
659825,0
805236,0
484743,1
843791,1
401342,0
268165,1
450971,0
969588,1
493909,1
775367,2
102955,1
356595,1
860992,1
478186,1
235851,0
859554,0
383555,0
568803,0
522415,1
493050,0
568528,0
371027,-1
554560,1
969599,1
70097,1
898167,0
483103,1
773089,0
436540,1
214657,1
824653,0
132616,0
962166,1
357327,0
183595,0
338190,1
821753,0
782634,0
355771,1
102889,1
335544,1
417438,0
99418,1
774033,1
151834,1
573075,1
675187,0
488287,1
317596,0
848773,1
177318,0
743728,0
166017,1
668192,1
242646,1
572824,1
516374,0
569974,0
368987,1
35989,0
439267,1
425036,0
978741,0
161511,0
158819,0
225262,1
398562,1
940439,1
657384,0
348631,1
950221,1
390207,1
633050,1
45603,2
892219,1
763551,1
219247,1
78219,0
106376,0
664990,1
61204,0
444521,1
162744,0
10394,0
107336,1
400960,0
157258,1
762553,1
398197,1
513701,1
450710,0
192494,1
376697,0
466375,0
600809,0
337306,0
597597,0
282282,0
619747,1
848426,2
468720,1
954154,1
544640,1
192358,1
768797,0
817583,1
864589,1
104220,0
725297,1
973859,1
942269,1
145192,1
965827,0
861437,1
296887,0
817495,0
273994,1
799474,0
177872,1
532392,0
770417,1
706812,1
193396,1
863034,1
967152,1
948038,0
608126,1
412897,1
970466,0
604868,1
94532,1
820173,1
833762,0
604371,1
961064,1
419528,1
79982,1
564369,1
489017,1
887262,1
402712,1
963864,0
854765,0
331759,1
26332,1
238943,1
431614,0
329434,1
680680,0
39578,1
670432,1
371166,0
686203,0
118985,0
263823,1
275604,0
390449,0
553573,1
159171,1
172630,2
867879,0
555667,0
107607,1
671813,0
29467,1
424298,1
247885,0
66440,1
794065,1
383354,2
73974,1
597362,1
873587,0
755011,1
736998,0
117248,0
692018,0
813376,0
834684,0
546314,0
876985,1
207998,1
110340,0
715656,1
88611,0
716533,1
269830,1
661339,0
96822,2
101833,1
548873,1
432375,1
963943,0
105738,0
814952,1
933283,1
476266,1
713154,0
729178,0
739461,1
46459,1
564711,2
9295,1
89381,1
997108,0
434160,2
632113,1
349480,0
981685,1
891296,0
795819,0
22856,0
176472,0
760306,1
364909,1
593804,0
307467,1
610642,1
129662,1
569359,1
561862,1
423167,1
840583,1
683275,1
190548,2
958471,0
740052,0
631040,0
976028,1
990527,1
58802,0
406698,0
166458,1
758638,1
864544,1
937863,1
839640,1
43118,1
554437,1
24114,0
594987,0
2994,0
983985,1
738824,1
578675,1
246789,1
459925,1
723464,0
939557,0
962770,0
432283,1
295172,0
354011,0
917171,1
368282,0
799357,0
218943,1
354686,1
180377,1
979574,1
457365,1
855074,2
527673,1
785117,0
973760,1
928581,1
56229,1
489025,1
43190,1
563462,1
972585,0
593576,1
327139,1
615819,0
538945,1
967095,1
993681,0
568295,0
969003,1
644408,1
956047,0
525657,0
56665,0
617655,1
838447,1
931195,1
577981,1
870874,0
480174,1
695290,0
645362,1
475332,0
78586,1
792010,0
600177,0
579760,0
733217,1
130633,1
246139,0
83570,1
233932,1
65704,1
720328,0
182815,0
992508,1
582996,1
712952,1
217793,0
960416,1
387077,1
62147,0
158157,1
16196,1
211659,1
368185,0
681044,1
368951,0
200078,1
947641,1
591630,1
60500,0
257401,1
478713,0
735450,0
633125,0
610055,0
632978,1
365076,1
875539,1
758419,1
709088,1
768261,0
209509,0
127305,1
121053,1
19558,1
801712,0
837454,0
541857,0
11629,1
10359,1
66175,0
23284,1
211731,1
32828,1
300306,0
798465,1
429350,1
96211,1
287991,1
580986,1
782530,0
446353,0
404665,1
971456,1
503290,1
675704,1
225076,1
593471,0
481167,0
161297,1
270003,1
411180,1
271499,1
672109,0
602150,1
575468,1
181408,1
161726,1
977902,1
788232,0
725006,0
722658,1
600224,1
793349,1
451620,1
424135,0
88627,1
806009,0
192064,0
685562,1
284646,1
715307,1
883501,0
842439,1
33587,0
730304,1
87268,1
494947,0
557924,1
351002,1
361958,1
624214,1
513910,0
506543,1
778056,0
357156,0
370081,1
880261,0
509403,1
580774,1
837095,1
560337,1
132783,0
304998,0
819879,1
849455,1
346200,0
625746,0
677462,1
107732,0
277516,0
119700,1
219147,0
773453,1
813113,0
121431,1
258442,0
15784,0
491379,1
767093,1
508244,0
711697,1
78517,1
592053,1
723025,0
310230,1
751878,1
617843,0
265859,1
410288,2
708448,1
254072,1
791956,0
515974,1
972791,1
330960,1
126876,0
316154,0
179087,0
586916,1
70846,1
752225,2
404604,1
836527,1
678059,1
333311,1
74980,1
477908,1
506657,1
980875,0
805679,0
193548,0
818493,1
625918,1
215713,1
126166,1
709380,1
570628,1
898663,1
103967,-1
934788,1
327499,1
953095,0
592527,1
488806,1
531595,0
899135,1
661210,1
311285,1
956537,0
536614,0
518252,1
101697,1
136250,0
571656,1
614530,1
506382,1
990558,1
414640,1
757228,1
741160,1
80801,1
14077,1
44115,0
782491,0
141116,1
758470,1
111565,1
108937,0
333960,1
495632,0
855633,0
387274,0
944823,0
676644,0
674904,0
706197,0
751823,1
534701,1
776680,0
856934,1
838992,1
73072,0
592976,0
120301,1
477557,0
331101,1
587789,1
106773,1
714124,0
772086,1
656418,1
372287,1
481477,1
938734,1
922926,1
339447,2
325978,0
42066,1
382638,1
16052,1
450371,0
450653,0
299753,1
643564,1
975417,1
890333,1
759258,1
82004,0
187640,1
790339,0
760264,1
34404,1
387284,0
111495,1
263613,1
811478,0
615025,1
709431,0
815398,1
429819,2
55201,1
918786,1
505250,1
811168,1
616510,0
810332,1
778191,1
644140,1
614087,0
350693,1
224411,1
187760,2
673695,1
624957,1
682615,0
674916,1
404402,2
53072,1
48112,1
785837,0
184816,1
230210,1
915999,0
376465,0
194186,1
106745,1
992715,0
274295,0
841614,0
855159,1
369248,1
400854,0
232119,1
770087,0
61801,0
582837,1
696188,1
710747,0
943396,0
943553,0
957958,1
170910,0
680524,1
565587,1
749902,1
748072,1
937512,1
130999,1
342929,0
406526,1
281624,0
111021,1
898463,0
920547,1
300268,1
6377,0
150851,0
836682,1
975094,0
303263,1
469044,0
826563,0
879918,2
803773,1
535044,1
129239,1
123544,1
955118,1
763466,0
302824,1
970253,0
536636,2
225644,0
901410,1
976357,1
276425,1
698782,1
476182,1
560795,1
734099,0
874279,1
528799,0
844516,1
42001,1
729333,1
910929,1
436637,0
539943,0
158515,1
913083,1
196246,0
312900,1
247152,1
621919,1
72893,1
989727,1
828411,1
231642,1
294532,0
322655,1
238643,0
226893,0
22945,1
667052,1
330901,0
893735,0
844155,1
598545,1
792602,0
81394,0
79720,1
450891,1
689110,0
603282,1
151774,1
427833,1
514030,0
450842,1
663940,0
289537,1
93580,1
999485,1
16012,0
602434,1
128526,0
567878,0
311040,0
397558,1
659249,0
732039,1
257083,0
653366,0
764741,1
240417,1
941193,1
249928,1
355194,0
466127,1
986184,1
194736,0
193995,0
630191,1
467505,0
385475,1
537515,2
689188,0
629787,1
125791,1
873126,1
634159,1
5824,0
626130,1
710596,1
739055,1
584269,1
930286,1
803604,1
902313,0
365571,1
418391,2
260874,0
53754,0
406691,0
958946,1
135258,1
349414,1
988959,0
954431,1
985836,0
698510,1
509363,1
625498,0
896827,1
393734,1
326465,1
856169,1
404748,0
330862,0
455496,1
571982,1
298506,0
98423,0
660483,1
219919,0
967026,1
640859,1
574291,1
673739,-1
490703,1
811513,1
357267,1
366205,0
47116,1
41555,0
666135,1
997640,1
381416,0
168327,0
492253,1
422735,1
667117,0
202823,0
10908,1
366599,1
394665,0
734589,1
210821,1
191243,1
435686,0
7931,0
331666,0
998608,0
598170,1
981822,1
349039,1
131708,1
440962,0
719287,1
866736,1
793383,0
486705,0
206701,0
812095,0
813429,0
300273,0
246003,1
357693,1
127689,1
554542,0
713892,1
855661,0
413022,1
204680,0
865502,1
70808,1
542694,1
521642,0
90760,1
599952,1
116224,1
781730,1
222272,1
520111,1
470642,0
241795,1
585620,0
969978,0
800466,0
665096,2
59084,0
813349,1
312981,0
965523,1
921337,1
791417,1
472174,1
514550,1
418510,1
344814,1
555242,1
603943,1
996818,1
518736,1
194144,1
548422,1
781735,0
90786,1
3051,1
402995,1
224269,1
891634,0
661409,1
776823,1
773037,0
716592,1
709740,1
230435,1
105775,1
277235,2
323839,0
485009,1
991522,2
421384,1
407930,1
499185,1
634042,1
281534,1
29564,1
777475,-1
73475,0
924278,1
945887,1
133825,1
750622,1
340947,1
477970,1
841038,1
331429,0
861934,0
117689,1
231985,0
452498,0
147151,2
402278,1
515529,1
816064,1
320416,0
674363,1
45153,0
294203,1
69149,1
892557,1
714218,1
374533,1
799765,1
406896,0
493645,1
77622,0
351139,0
598383,1
437099,0
811260,0
289021,0
411748,1
834122,1
531633,1
138830,1
855031,0
621398,1
591179,0
665535,1
625048,1
395927,0
819363,0
226513,1
230277,1
217668,1
646356,1
585846,0
320140,1
7769,1
128883,0
930716,0
52091,0
865029,0
678269,1
646896,1
151820,0
126071,1
390635,0
846830,1
903429,1
552575,0
51238,1
398685,1
442076,1
245264,0
1847,1
800950,1
236737,0
371083,1
288557,1
645411,1
582358,0
105065,1
105707,0
487304,1
966654,1
367823,0
649275,1
29185,0
172119,1
685650,0
173254,0
287735,1
97811,1
838235,1
254835,1
318905,1
259043,0
381017,1
649757,1
529954,1
663529,1
423720,1
22777,0
766694,0
166583,0
282634,1
353764,1
461317,1
31680,1
998009,1
491318,1
970330,0
476860,1
415960,1
937064,1
935085,0
863837,0
166987,1
65621,0
486600,1
389265,1
151202,1
906908,0
98725,1
741135,1
184479,1
364623,0
289083,0
101465,1
877671,1
414975,1
819137,1
162715,1
889367,0
682050,1
468148,0
276721,1
809015,0
82904,0
629958,0
282539,0
576641,0
721032,0
985863,1
351847,0
102182,0
432256,1
810959,1
339263,1
426325,0
634147,1
43694,0
693219,0
840612,0
292313,0
459823,0
458700,1
886294,1
72399,0
838493,2
239467,0
966716,1
88590,0
270660,0
612857,1
481502,1
953534,0
399293,1
325715,1
412226,0
817566,0
610516,0
921902,0
279576,0
164195,1
233989,1
650411,1
531313,1
4333,0
643985,0
556079,1
362728,0
619584,0
498930,0
711047,1
280183,0
710884,0
669728,1
873903,0
133051,1
580652,0
122184,1
297918,0
443350,1
942345,1
487311,1
624290,0
462841,0
682584,0
86801,0
614098,1
71036,1
603798,1
539219,1
571734,0
891254,1
16967,1
366465,1
468888,1
755956,1
854237,1
929586,1
972465,1
47414,1
237511,1
473045,1
719760,1
3380,1
915945,0
746072,1
793658,1
718346,0
991582,1
186975,1
544544,1
598757,1
352182,1
799769,1
285144,2
406272,1
92988,1
36673,1
558989,1
261633,1
239960,1
938879,1
638143,1
162574,1
78388,0
966667,1
865944,0
972181,1
946851,0
214800,0
728032,1
600651,1
728584,1
706681,1
589739,1
450581,0
47561,1
401905,0
800981,1
589183,0
222534,0
357670,1
923142,1
497636,1
443455,1
730705,1
830855,1
255556,1
961712,1
589379,1
956735,0
216207,1
650019,0
606200,1
753836,1
847322,1
273226,1
83629,1
226734,0
788872,1
870974,1
591870,1
568912,1
789519,1
731488,1
244090,1
735125,1
764484,0
646717,0
31157,1
152232,0
414280,0
587546,0
821756,0
373215,2
826764,1
733307,1
596788,1
57392,1
761256,1
586312,1
93389,1
93917,1
73551,0
165581,1
156791,1
823794,1
63392,1
182207,1
829750,1
101290,1
639078,1
960964,0
884242,1
333194,1
180605,0
724302,1
464585,1
857134,1
289751,0
746574,0
5343,0
477522,1
446879,1
546541,1
732463,1
380608,1
336640,1
52477,0
194507,0
538733,0
622382,-1
758067,1
969245,1
6204,1
360927,1
733862,1
254831,1
312789,0
683632,0
698155,0
581241,1
685887,0
495618,2
98564,1
422534,1
378882,1
175872,1
135908,1
840249,1
37433,0
231996,1
573211,1
703385,1
11101,1
819890,0
572492,1
120502,1
146930,1
913546,1
808868,1
383788,1
629338,0
429250,1
327253,1
233323,1
754966,1
5107,1
285700,0
997597,0
605325,1
181468,1
921776,1
131890,1
727491,1
407368,1
720318,0
521215,1
699505,1
260605,1
4496,0
162556,1
283270,1
631070,1
343853,1
195609,1
729294,0
342029,0
31305,0
974349,0
827385,0
110637,1
330981,0
716213,1
673772,0
533976,1
467243,0
671317,2
232183,1
489015,1
356158,1
988748,1
240002,0
873392,0
345670,1
356761,1
530584,0
177001,1
525148,0
347083,0
784269,1
420686,0
918830,1
550616,1
696228,1
861731,0
677852,0
591361,1
962050,0
76649,1
832328,0
239449,2
467995,1
467450,2
127162,1
477381,1
58715,1
701473,1
893061,1
335217,0
909071,1
471885,1
164325,1
875446,1
366749,1
625267,0
805316,1
779520,0
967449,0
39093,0
306078,0
983065,1
106475,1
380508,1
236562,0
589848,0
741895,1
204042,0
238985,1
468940,0
467571,1
86934,1
650045,1
334396,1
308397,1
435631,1
206312,1
565453,0
250852,1
511144,0
985030,0
5045,1
962371,0
179695,1
571674,0
708517,2
949891,1
451267,1
463572,1
527910,0
446310,0
105414,1
18138,1
653784,0
331838,0
650762,1
826394,1
164947,0
871573,0
737732,1
78892,2
950200,1
484870,0
382863,1
155451,0
361880,1
625561,1
675442,0
113514,1
19397,1
718093,1
428411,1
908602,1
595852,1
866548,0
516734,1
203690,1
457889,0
42699,0
564817,1
519244,1
634222,1
851947,0
925224,0
776585,0
603969,1
848121,0
745737,0
706675,1
891427,-1
311901,1
190297,0
782363,1
44291,1
370428,1
899174,-1
144125,1
422237,1
554582,0
242199,1
232219,1
224076,1
945898,0
564911,0
343688,1
371908,0
627574,1
180485,1
249763,1
651375,1
660951,1
657758,1
237867,0
782819,0
791928,1
294609,1
850390,1
396547,1
142830,1
250983,0
443938,0
831490,1
418267,1
860398,1
763872,1
574726,1
142336,1
213055,1
455829,1
656699,1
171902,1
350128,1
714025,0
17420,0
44772,1
643168,1
704610,1
820523,0
37607,0
680087,1
509948,1
938423,1
476346,1
617648,1
659939,1
510346,1
106516,1
187412,1
530662,1
969059,1
233113,1
881485,2
396578,0
722776,1
69263,0
783056,1
29053,1
45878,1
845042,0
78628,1
899274,1
485857,0
914284,0
590949,1
286808,1
449133,1
145375,1
769261,1
769524,1
968896,1
313839,1
775822,0
293312,1
495182,1
896063,0
2325,-1
795486,1
135329,1
885345,1
703319,1
595781,1
243128,1
589175,1
473007,1
145261,2
942956,0
524966,1
713766,1
440834,1
94839,1
730063,1
120270,1
73612,1
432813,0
317254,1
149855,1
588233,1
860852,1
762132,0
694699,0
357323,1
617071,0
909332,1
460019,0
175290,1
845224,0
77234,2
337929,1
846396,2
515567,0
365305,0
410068,1
123198,0
287376,1
799250,1
744900,0
505135,1
380314,0
272452,1
164506,2
825234,1
959388,0
502275,1
663775,0
515364,1
29777,1
857998,0
930993,1
225367,0
299046,1
54060,1
153537,0
77959,1
238755,0
913486,0
14443,0
604691,1
56693,1
397430,1
292158,1
263045,1
686702,1
111969,1
575864,1
592714,1
788130,0
283215,0
463455,0
84395,1
111750,0
930512,1
582792,1
172215,0
856082,1
788739,1
509947,1
407486,1
93916,1
49777,1
794018,1
448173,1
461282,0
44346,0
505510,1
782839,1
104045,1
568580,0
758553,1
53400,1
441214,1
953386,1
143711,1
120075,0
215972,0
439116,1
186431,0
593449,1
607278,0
582945,0
922510,1
767792,0
795952,1
944860,1
444063,1
865922,1
752668,1
977914,0
252208,1
772954,0
254837,1
237616,0
371131,1
343754,1
449316,0
185570,1
47008,1
19133,1
375376,0
578099,1
763558,1
162367,0
690491,0
698617,1
620254,1
217118,0
232363,1
816170,1
449825,1
672636,1
179091,0
231038,1
291804,1
710495,1
553086,1
323962,1
581600,0
704427,1
438734,1
209379,0
415615,1
284806,0
310499,1
346116,1
771257,1
129670,1
532461,1
847765,1
541807,1
151102,1
301061,0
920481,0
223008,0
804457,1
577544,0
724299,1
615253,2
414925,1
905949,0
633508,-1
270235,1
560973,0
337725,1
307063,-1
248899,0
693471,1
32083,1
581827,0
447640,1
862171,-1
263238,0
177423,0
556777,1
814230,0
34166,1
355856,0
961882,0
762704,1
602494,0
34702,1
715552,0
355679,0
854686,0
171389,1
820375,1
752605,1
923279,0
150302,1
444048,0
772347,1
707363,0
43036,2
31741,1
902354,1
732442,1
691266,1
115042,0
522188,1
815935,1
621337,0
933944,1
545889,1
639168,0
655821,1
217577,1
988338,0
310934,1
384173,0
850427,1
614699,1
146362,1
58112,1
466658,1
798525,0
569963,0
434900,1
51794,0
373733,0
78426,1
591624,0
376278,1
881145,1
423932,1
154517,1
809256,1
592760,1
326267,1
557614,1
657699,0
792471,1
687325,1
184414,1
160393,0
846792,0
615738,1
988164,1
487047,0
469101,1
804088,1
981726,0
661325,0
395935,1
404054,0
336290,1
458596,0
721106,1
837210,1
370613,1
123115,1
306643,1
666144,0
108718,1
319332,1
579193,0
358166,0
141738,1
260609,0
581967,1
132595,2
488092,1
392202,0
315476,1
205530,0
659291,1
436218,1
90685,1
142415,1
24934,1
409382,0
920431,1
796763,0
845251,1
388243,0
604797,1
152641,1
248936,1
938144,0
424611,1
329124,1
665784,0
640825,1
163428,1
556966,2
462236,1
940585,1
836959,1
203375,0
254557,1
980954,1
24797,1
281199,0
574766,1
887404,1
291525,1
649648,0
753473,1
305074,1
328063,0
567452,0
195871,1
540520,1
875626,1
672918,1
17142,1
644643,1
558196,0
718420,0
941514,0
142228,0
114046,1
201727,1
432369,0
387738,1
199691,1
180304,0
673181,1
146042,0
558321,1
486158,1
656852,0
746973,1
443873,1
946854,1
206666,2
329798,0
494754,1
964787,1
992585,1
626550,1
338140,1
86710,1
880166,1
461185,0
840127,1
909823,0
347835,1
41851,0
429019,0
822696,-1
398282,1
939362,0
44160,1
193712,1
628281,0
489292,1
616565,0
347410,1
17963,1
76228,0
601837,0
569634,0
57381,0
120440,1
34596,1
28256,0
499154,1
352917,0
642374,1
597069,2
830957,0
317312,0
827075,1
588394,0
706639,1
182537,0
16854,1
443398,1
434602,1
554528,1
30214,1
171137,1
875060,1
961114,1
246680,1
244205,1
552594,1
726305,1
354750,0
71830,0
345645,2
212044,1
200267,0
942846,1
174493,1
333002,2
146187,0
793908,1
496143,1
966647,0
323,0
803875,0
402047,0
534219,1
703000,1
671584,1
559320,0
188050,2
887516,1
645866,0
466328,1
415728,1
503003,0
298164,2
633000,1
512067,1
235641,1
343381,0
733240,1
136832,1
389026,1
852347,1
25002,0
294027,0
648266,1
810469,1
224435,0
952397,1
12004,1
185013,1
486832,1
86045,1
133514,1
799864,1
781356,0
866735,1
788791,1
907298,0
930620,1
580848,0
438124,0
400009,1
956741,1
748695,0
831576,0
683218,1
531715,1
555874,0
672398,1
293081,2
506419,1
776853,1
857439,0
860763,1
169809,0
410150,0
776743,0
830459,1
612043,0
247011,1
404518,0
997644,1
111741,1
921727,1
921922,1
349946,1
632649,1
10315,1
448017,1
561814,0
88851,1
317861,1
419424,0
185650,1
931895,1
893553,0
159886,0
48509,1
697646,1
260134,0
958366,1
497671,1
890683,1
219061,0
50736,0
742031,1
431195,1
159717,1
641424,0
423512,1
229137,0
798844,0
693406,1
371036,1
211835,1
757133,1
937342,0
977747,1
333823,0
669775,0
260295,1
677043,0
477036,1
194820,1
833593,0
737103,2
838487,0
14362,1
433532,1
375715,0
274541,0
115978,0
905000,1
343053,1
168437,0
794305,0
149132,0
255482,1
786652,0
18795,0
261144,0
2575,1
477704,0
645226,0
613988,1
141972,0
863542,1
922667,0
419431,1
960388,1
853322,1
622813,1
785330,1
810188,1
53815,0
818404,0
747464,1
754308,0
128943,1
996229,0
964585,2
959469,1
354761,1
102989,0
67926,0
122021,1
549342,1
446441,0
196355,1
589487,0
70611,1
683684,1
978725,1
13287,0
809747,1
838185,0
647188,1
616174,0
754798,1
620739,1
644772,0
96841,0
818549,0
24845,0
397713,1
924727,1
164077,0
442722,1
583077,1
840571,1
415337,1
148578,1
239214,1
521908,1
947679,1
227844,0
701507,0
617736,1
509196,0
585430,1
839425,1
414230,1
916592,1
705572,1
282147,1
201741,-1
464689,0
506099,1
315331,0
258435,1
910541,1
394712,0
424092,0
204080,-1
744870,1
644004,1
107636,1
661174,0
19909,1
927163,1
358829,1
186937,1
98072,0
43449,-1
996972,1
365705,1
27742,1
165638,1
419439,0
254018,1
980316,1
849752,0
601238,0
763081,1
767129,0
292040,0
800470,0
408830,1
902403,0
495974,1
97966,0
612358,1
601862,1
484009,1
24147,1
545781,1
404273,1
459068,1
706804,1
570687,0
611072,1
985616,0
164701,1
599031,1
291016,1
871590,1
375923,1
625713,1
544267,1
597520,1
201908,0
779450,1
41388,1
324210,1
527518,1
995095,1
68508,1
645526,0
803925,1
310865,0
243590,1
739831,1
838039,1
93918,1
115526,1
164262,1
727311,1
735220,1
468210,2
689122,0
53596,1
799186,0
101084,1
30439,0
810252,1
821303,1
292964,1
302407,0
271892,1
732321,1
447410,1
803265,1
196513,1
365268,0
202213,1
325954,0
969878,0
626863,1
549662,1
583897,1
81079,1
74615,1
390771,0
921683,1
260545,0
746062,1
523766,1
369387,0
387902,1
407975,1
843647,1
668518,0
259924,0
823007,1
133194,1
999383,1
844853,0
811166,0
700248,0
312802,0
703577,0
842529,0
133240,0
637996,1
242561,0
970006,1
651603,0
339673,1
675644,1
793976,1
162961,0
469570,1
681176,0
887401,0
891406,1
751950,1
965377,1
773946,1
84122,1
845066,1
389748,0
837821,1
967629,1
864765,1
266087,0
41710,1
112134,0
513080,0
452254,0
564272,1
876098,0
273845,1
343129,1
622330,0
296515,1
199651,1
265010,0
124863,0
619557,1
500287,1
366450,0
626887,1
426254,1
535685,1
617761,1
616786,1
863271,1
516407,0
148449,1
849472,0
665945,0
479060,0
736724,1
288008,0
638394,0
779022,1
951766,1
535506,0
202738,1
863224,1
870370,0
721194,1
981141,0
252336,1
77169,0
68528,0
38903,0
256464,0
11425,0
898966,1
860813,0
873715,1
81184,1
106630,1
203802,0
904553,0
793878,0
727291,1
659013,1
170414,1
545030,1
935399,0
720843,1
24407,1
368110,0
503818,0
556178,1
905326,0
337724,0
69700,1
114542,1
160079,1
903579,1
646349,1
161942,1
598614,-1
663644,1
329622,1
263883,0
296398,1
566777,0
158516,0
764934,0
404621,1
803119,0
610999,1
737690,1
312628,0
712615,0
188749,1
814343,0
988637,1
880191,0
280042,1
630479,1
46849,1
667139,0
445425,0
136052,1
811010,1
170283,0
900662,0
493441,1
94212,1
753640,1
312169,1
202533,1
102614,-1
619990,0
86350,0
63121,1
121852,1
600352,1
124929,0
75897,1
574497,1
24804,0
596222,0
906004,0
539619,1
110125,1
448051,1
790726,0
822650,1
381243,1
730979,1
936649,1
587095,1
612202,0
429050,1
700694,-1
851416,0
547091,1
51713,1
125090,1
81094,0
46987,1
10385,1
660879,1
815867,0
182651,1
13152,1
612985,1
668026,1
286216,1
872878,0
346203,0
717045,1
118481,1
67795,1
965112,0
942456,0
49607,1
336321,2
220175,1
218973,1
458027,2
932536,1
239165,1
473283,0
10468,1
965411,0
733655,0
383468,0
796762,1
184596,1
327092,1
158124,0
998269,0
332356,1
495084,1
610404,1
478417,1
599073,0
476278,1
433925,0
184487,1
899620,0
237593,0
637818,1
487541,1
323186,1
767342,1
897943,2
893076,0
227111,1
484479,0
142536,0
511856,1
486621,1
793118,0
350625,0
875997,0
520873,0
980231,0
486454,0
790783,0
119066,1
795590,1
703949,1
226753,0
497219,1
133965,1
108181,0
574156,1
510374,0
547861,1
154116,2
445954,1
997533,1
624946,1
463357,1
912071,-1
789575,0
733504,1
921494,0
182771,1
577188,2
77565,1
13576,1
850213,0
233403,0
158376,2
42715,0
125277,1
794752,1
738883,1
646317,0
908688,1
767328,1
771691,1
259880,1
825122,1
884467,1
787682,1
609778,0
737682,0
908388,1
424425,0
323128,1
628679,0
678862,0
838507,1
205713,0
681150,0
7572,1
941573,1
274509,0
684872,1
370024,1
291351,-1
155280,1
493518,2
955736,1
475150,0
814784,0
934550,0
236229,1
868776,0
724046,0
948949,0
383876,1
131974,1
986064,0
428108,1
926841,1
494582,1
781163,1
92910,0
486,1
491939,0
53227,0
800250,1
253165,1
31100,1
457211,1
164443,0
646128,0
26297,1
641969,0
593800,1
256579,1
805014,1
418189,1
640885,1
497723,1
627483,0
654700,1
237079,1
432087,-1
572031,1
962862,1
73015,1
308754,1
686614,0
620529,0
342626,0
875135,1
135651,1
566883,1
708737,0
771565,1
146085,1
713094,0
540959,1
824998,1
387636,0
6977,0
581176,1
272574,0
312899,0
405772,1
423226,1
15617,1
73801,2
581076,1
763519,1
916909,1
646077,1
551261,1
182472,1
180047,1
986479,1
238659,1
76266,0
98479,1
177204,0
298152,1
328729,0
297260,1
567264,2
329437,1
985621,0
789426,1
246326,1
933736,1
378617,2
254499,1
174922,1
312720,0
568863,1
903966,1
730989,1
191303,0
261053,1
179969,1
411209,1
293338,1
224041,0
627912,0
763334,1
769155,0
93337,1
802385,0
42183,1
407596,1
368054,1
618952,0
648741,1
877147,0
996306,1
154289,1
333682,1
746454,0
504683,0
455348,0
744762,0
153848,1
429721,1
460217,1
622753,1
925836,1
140313,1
498154,1
848278,0
694120,0
614569,0
511015,0
56117,1
97915,0
684968,1
290122,1
896238,1
105501,1
155182,0
243396,1
425069,0
3804,1
92161,1
360732,1
850932,1
20149,1
695895,1
972635,0
986282,1
568549,0
434652,1
507521,1
263473,2
267646,0
149939,0
274077,1
776304,1
370879,-1
404861,1
204227,1
819486,0
142966,1
818701,2
274044,1
665722,1
421305,0
704236,0
349774,1
635513,0
652424,0
146233,0
676332,1
696485,1
474898,0
939207,1
135234,1
4494,1
678001,0
505970,0
656254,1
552023,1
561933,1
885448,0
284977,1
455946,0
891808,1
349787,0
598581,0
327527,1
631112,0
780626,1
617439,1
778454,0
411141,-1
694508,0
451340,1
200823,1
252827,1
997245,1
593241,2
150780,1
701541,1
342006,1
182752,1
597528,1
979212,1
730965,0
705732,1
852885,0
567968,1
58159,1
485485,0
270505,1
221568,1
261639,1
493242,1
988625,1
127890,1
582873,1
596848,1
653100,1
681574,0
228139,1
121922,0
941781,1
169175,1
253167,1
715413,0
15656,1
825086,1
207315,0
823519,0
369940,1
359076,1
802295,2
44252,1
230042,1
663144,1
235342,1
948529,1
649033,0
622688,0
500735,0
295382,1
982200,1
349178,1
395381,0
544107,1
538241,1
591984,1
45181,1
708342,0
950412,1
118586,1
833509,0
694880,1
501069,0
537327,1
736909,1
777838,1
14607,1
198247,1
532727,1
971954,1
506983,0
740265,0
628974,0
273978,1
890446,1
555626,1
266376,1
555259,0
605751,1
642647,1
8695,1
288654,2
420856,1
822637,1
495623,1
444782,1
598329,1
581704,1
274996,1
185975,0
6500,0
4922,1
314724,1
864689,1
890303,0
298217,0
58759,1
665061,0
711365,0
53886,1
639109,0
955199,0
56403,1
986454,1
725929,1
308560,1
63259,1
893580,1
910594,1
635622,1
332270,0
230361,1
970928,1
987005,1
599243,1
415291,1
353090,2
571695,1
442038,1
766968,1
572932,1
770249,0
380515,2
308454,0
870967,0
35630,0
809561,0
51932,1
937854,1
845936,1
48136,0
337375,1
129260,0
651061,1
949433,2
38474,1
780400,0
900148,1
717361,0
315768,1
1094,1
371575,1
334703,1
347301,1
333023,0
760539,1
986393,0
113410,1
533841,1
646375,1
208765,1
874552,1
581056,0
564133,1
238576,1
771517,0
569298,0
362439,0
313524,1
453646,1
267618,0
552103,0
922833,1
161548,0
547728,2
882173,1
196745,1
329376,0
561279,0
152362,1
577289,1
569331,1
797033,0
697697,0
705751,0
780961,1
607260,1
56078,1
233570,1
900516,1
526766,0
950781,2
445119,0
299523,1
700364,1
638191,0
746929,1
585971,0
568079,0
102283,1
154483,1
870534,0
367520,1
483579,1
846473,1
863386,1
448491,1
879144,0
661533,1
778544,2
26334,0
568606,0
694622,1
176767,1
787826,1
765977,0
79002,1
628012,1
468570,1
989146,2
458415,1
677605,1
896052,1
689114,1
743964,1
562549,1
609521,0
769546,1
936010,0
28321,1
907350,1
15176,1
619727,0
755696,1
659339,0
868242,1
878577,0
27645,1
94375,2
96253,1
106662,1
927688,0
174681,0
5808,1
562069,1
697588,1
323681,1
767676,1
23872,1
901914,1
940000,1
152867,1
174045,1
952247,1
420045,0
219993,1
384450,1
284022,0
281768,1
969999,1
692396,0
566712,0
397080,0
400965,1
553873,1
314655,1
210043,0
66392,0
888438,1
42015,1
155936,0
456964,1
100619,1
165244,1
918091,1
225368,0
809620,1
543287,1
858075,0
342041,1
501333,1
688842,1
259862,1
844239,1
939482,1
851282,1
782419,0
156502,0
411451,1
778098,1
748621,0
991104,1
429100,1
242868,1
383918,1
665976,1
464303,1
136987,1
210063,0
931052,1
726315,0
430258,0
366927,1
303238,0
485960,1
300485,1
486143,0
487258,0
86791,1
483979,1
557002,0
651130,1
240130,1
854919,0
126330,1
959514,0
669369,0
906463,1
251017,0
17936,0
275097,1
973737,0
398175,1
549419,0
830932,1
62153,1
836743,0
688979,0
467710,1
786829,1
475922,1
756330,0
129546,0
283112,1
177141,1
27227,1
991302,1
769041,0
982553,1
882621,1
953530,1
834944,0
561470,1
384297,1
521834,0
878776,0
800561,1
332192,0
626665,1
720978,0
471603,0
840316,0
270413,1
666499,1
934904,0
750005,0
370595,1
93511,1
389325,0
285464,1
537960,0
523402,1
453346,-1
286755,0
735544,1
737829,1
866869,0
887135,0
539693,1
912791,0
32937,1
607228,2
678005,1
547998,0
111384,1
135862,1
585961,1
851295,1
876430,0
161949,1
265741,1
469560,1
625147,0
843557,1
246532,1
397532,0
363915,2
535584,0
195696,0
432742,0
45471,1
147931,1
351920,1
728240,1
15379,1
138964,0
406562,1
673979,1
6599,1
3316,1
963207,1
292792,0
715826,1
901330,0
658591,1
700745,1
684686,0
585044,0
72912,1
292080,0
775106,0
429183,1
79809,0
710041,0
359322,0
558178,1
883974,1
796425,1
792125,0
603149,1
412743,2
899120,1
77176,1
48054,1
744133,1
792380,1
450463,1
923478,0
825217,1
92054,1
455204,0
166549,1
864815,1
736961,1
495799,1
988766,1
440864,1
7273,1
114016,2
713565,0
713129,1
681654,0
633587,0
489731,1
71236,1
954902,0
608676,0
841621,1
938387,0
96791,1
336255,0
654234,1
568095,1
297199,1
63520,1
146672,1
156613,1
209688,1
233240,0
635250,0
818370,1
250804,1
472432,1
526619,1
932140,1
678223,1
499800,1
94093,0
975989,1
546488,0
823328,1
83230,1
613657,1
465639,1
37735,0
508126,0
338723,1
216769,0
924616,1
128444,0
781378,1
161766,0
629937,1
448114,1
337455,0
928110,1
348665,0
925085,0
350345,2
255901,1
798119,1
649555,1
678457,0
127945,1
306053,1
429997,1
84686,1
178031,1
433817,1
727081,1
92555,0
736073,1
684291,-1
208436,2
631966,0
632170,1
552169,2
700411,1
398682,1
864408,0
791122,1
311939,1
212992,0
439770,1
888670,1
246648,1
52909,1
185340,0
954861,1
312141,1
779676,1
501230,0
655913,1
869690,0
692291,1
7733,1
323305,0
522534,1
255257,0
342294,1
336712,1
847143,1
958883,1
32011,1
645444,1
591370,1
921487,0
213184,1
191035,1
486019,1
967576,0
485397,1
274091,1
971373,1
80530,1
441388,1
219687,1
589095,0
717337,0
309919,0
624761,1
538959,0
933506,1
255735,1
960885,1
547227,1
955114,1
490235,0
30625,0
344466,1
352351,1
91361,0
644448,1
321910,1
294122,0
502744,1
450547,1
952430,0
917415,1
546639,1
498408,1
19737,1
89008,1
401448,0
117558,1
713838,1
52888,1
692934,0
211232,0
738012,0
430717,1
429013,1
622733,1
175296,1
208540,1
341637,0
980407,1
747972,1
10675,1
413483,1
492601,1
440868,0
179308,0
850302,2
994884,1
280069,1
225213,1
383465,1
495245,0
457142,1
918082,0
850665,1
119798,0
197624,1
419286,0
66539,1
937594,1
458056,1
391586,1
537905,0
940773,1
63636,1
350290,1
399262,0
879570,1
242644,2
360419,1
702569,1
195816,1
757711,1
927763,1
709644,1
713965,1
645834,1
917740,2
102859,1
302987,0
533731,0
989796,0
998974,1
238041,1
849413,0
277751,1
42975,1
243718,1
993297,1
162328,0
341635,1
650311,1
244956,1
203918,1
474921,2
111066,1
706768,1
701078,1
469942,1
396077,0
930734,1
769160,0
324,0
685392,1
195255,0
132265,2
232617,2
671491,1
24200,1
670870,1
187081,1
740680,1
183014,1
1002,1
437581,1
13562,0
525771,2
484704,1
435190,1
563240,1
980945,1
71688,1
43993,1
674237,1
609692,1
994995,1
17950,0
660705,1
488065,0
718541,1
789782,1
774504,1
942387,0
913856,0
68822,1
498872,1
282396,1
607114,1
293524,1
67727,0
926215,0
237135,1
13937,0
105223,1
989572,1
548324,1
565886,0
319852,1
958100,1
343719,1
731863,1
603466,0
119608,1
692785,0
764412,1
853757,1
822612,0
400706,0
506377,1
676465,0
528708,1
426419,1
540054,1
912100,1
274630,1
554174,1
905680,0
418450,1
418141,1
307012,0
890324,0
682705,0
379783,1
843593,0
22034,1
616085,0
672236,0
440264,1
162520,0
571452,1
178299,1
187726,1
162956,0
650239,0
285695,1
62508,1
601101,1
888833,1
452911,1
532091,1
647934,0
205997,0
376530,0
491158,1
670340,0
63710,1
373166,0
123762,0
949504,0
282697,0
796241,1
968995,1
114369,0
505454,0
804838,1
254338,0
357839,1
356216,1
27874,1
985071,1
718353,0
10863,1
519963,1
398011,1
858431,0
781976,1
647740,1
509315,1
180805,0
153440,0
721700,0
665905,1
425155,1
592618,0
604000,0
706419,0
626332,1
675525,0
35335,0
879999,1
695422,1
282559,1
347486,1
237897,1
83693,1
434463,0
936349,0
467990,1
339981,1
998342,1
769234,1
812406,1
325242,0
274653,1
141806,1
239144,1
537273,0
147807,0
207974,0
357314,1
789590,0
752831,1
719483,1
717031,1
744804,1
912022,0
541124,1
999263,1
986822,1
397991,2
819649,1
917021,0
742017,0
68689,0
233448,1
391815,1
625916,1
602874,1
384242,2
248317,1
597775,0
505736,1
830762,1
268977,1
169209,1
674056,1
303834,1
893012,0
950264,1
155098,1
643801,0
37382,0
239109,1
811745,1
307324,2
651589,0
728961,1
995965,0
32617,0
345264,0
670510,1
187322,1
643839,1
656403,1
407063,1
456801,1
279241,1
173656,1
140144,1
695410,0
342379,1
904821,1
102149,1
315058,0
443380,1
328359,0
822742,0
363827,1
369444,1
15004,0
425757,1
795670,0
994106,1
521233,1
629606,0
428345,1
376182,0
557421,1
351678,1
566520,2
951080,1
431383,0
164681,1
711690,1
487536,1
12892,1
93856,1
616594,1
55340,0
977890,1
767055,1
449932,0
916728,1
116029,1
385866,1
560183,0
264529,1
410097,1
759381,1
846166,1
975978,0
73908,1
564366,1
218212,1
774290,0
468930,1
692526,1
425303,1
907670,1
345212,0
686682,0
130895,1
78847,1
813529,1
512340,1
643621,1
492385,1
105981,1
106267,1
395551,1
133092,0
62304,1
773877,1
261474,1
2066,1
880642,0
168822,1
291414,0
518500,1
474278,1
250041,2
369792,1
549105,0
735919,1
415660,1
390548,1
586365,0
801663,1
21444,1
429715,1
485778,1
353052,0
39102,1
874377,1
582519,0
714029,1
562887,1
161206,1
242518,0
333341,1
526794,0
862925,1
964831,0
141282,0
642970,1
437390,0
251594,1
3947,0
782071,1
876155,1
518691,1
571034,1
57352,1
444558,1
44613,1
583126,0
516278,1
599097,1
144626,1
362282,1
465505,1
781993,1
840724,1
385584,1
332709,1
913766,1
49767,1
416908,2
607640,0
642312,1
66809,0
55451,1
776252,1
146193,1
839366,1
579210,1
597687,1
619476,1
414013,0
380700,1
896367,1
334698,1
314624,1
991473,1
549413,1
242209,0
969368,1
348883,1
418492,1
470540,1
458378,2
109266,1
796016,1
146189,0
908598,1
305829,1
150626,1
314295,1
785092,1
349953,0
315604,1
719053,1
625475,1
904281,0
864899,1
98191,1
393935,0
976682,1
115902,1
714477,0
904871,1
40002,1
196167,1
876677,1
639041,1
658238,0
118538,1
585684,0
212373,0
439871,1
372248,1
808291,0
740677,2
286600,1
39137,0
242134,0
789533,1
974607,0
121892,0
925466,1
659381,1
71947,1
619589,-1
538261,1
401624,0
592687,0
770681,1
655254,0
803295,0
770982,0
841939,0
773430,1
910369,1
529946,0
453960,1
199412,0
928138,0
89026,1
936076,1
48194,1
543968,0
428811,1
199176,1
308647,1
472164,0
14347,0
792863,0
730475,0
302030,1
729730,0
355810,1
520559,0
116986,1
242175,1
214431,0
627510,1
372797,1
821047,1
859883,1
184039,0
575649,0
406507,1
208568,0
371985,1
440835,0
647629,1
897754,1
802877,0
254620,1
306648,1
80762,1
65253,0
221872,0
655251,1
400521,0
899111,1
213627,0
32882,1
127013,1
296021,0
246508,1
881303,1
877621,0
913736,1
28168,1
616816,0
337927,1
60850,1
382625,1
306424,1
125916,1
887268,2
646241,0
833300,0
640993,1
185928,1
723717,0
161924,0
653426,1
326871,1
23219,1
694941,1
511624,1
713841,1
757148,1
233609,0
481699,0
788178,1
258840,0
180910,1
143846,1
397187,1
735956,1
697066,1
398754,1
159756,1
583833,1
347170,1
840626,1
976083,1
936082,1
707118,1
230817,0
647480,1
886880,1
669722,0
89211,1
965203,1
205053,0
792494,1
810157,1
244378,1
953700,1
823363,1
643295,0
844388,1
111866,0
891158,1
658186,1
376161,1
733882,1
524949,1
754796,1
747068,0
260344,1
341280,0
833793,0
456224,1
942777,1
813648,0
703664,1
454700,1
774633,1
713981,1
439771,1
877051,1
557810,0
999361,1
541390,2
843489,1
864943,1
624938,0
672160,1
651084,2
657393,0
730399,0
507652,1
836399,1
231,0
141372,1
67600,1
486188,1
788413,1
163707,1
175537,0
899924,1
387467,0
300294,0
263648,1
546601,1
208409,1
988785,1
460408,1
596290,1
152927,1
330596,1
813049,0
29924,0
966487,1
211780,1
934971,1
396644,1
389863,0
151900,0
529295,1
197911,0
795755,1
826090,1
10291,0
827586,1
342303,1
467556,0
237893,1
182715,1
523321,0
363106,1
23004,1
928252,0
391847,1
675665,1
348827,1
729449,0
232059,0
171354,0
161420,1
920419,1
125728,1
529144,1
38443,1
923595,0
281501,1
755722,1
34877,1
948297,0
655292,0
624662,1
617813,0
872665,1
251854,0
836359,1
798768,0
922488,0
446131,0
711942,1
132672,0
117315,1
786925,1
88937,0
841709,1
764509,1
263838,0
903611,1
135121,1
144821,1
632162,1
360173,1
448103,0
678866,0
415234,1
724647,0
665309,1
957065,0
224939,0
133760,1
402953,0
647958,1
973496,0
211487,1
970549,0
322361,1
758055,1
34105,0
684967,0
167784,0
645719,1
183603,1
644988,0
417921,1
634015,1
855655,1
364166,1
818184,1
637913,1
584433,1
54701,1
417381,0
883513,1
518360,1
599938,1
638621,1
961715,1
697302,0
167532,0
65065,0
872916,1
199128,0
977732,1
387630,1
42462,1
349811,0
534173,0
785799,1
403726,0
504476,2
32252,1
440593,0
892685,0
536460,0
806307,0
670875,0
681122,0
781879,1
247068,1
112810,1
603763,1
340383,0
401550,1
397696,1
292460,0
46055,1
922725,0
420119,0
345844,1
495305,1
575462,0
353591,0
697999,1
645309,0
775388,1
616411,0
137885,0
451960,1
789115,1
477120,0
471531,0
643397,0
981119,1
905720,0
527327,1
214262,1
764356,1
285265,2
109031,1
889920,0
918544,1
345862,1
626861,1
407425,1
112891,1
892965,1
500622,1
359206,0
132398,1
141932,0
27158,1
312699,1
641045,0
548793,1
614023,0
195809,1
462314,1
505590,1
475827,0
347787,0
246778,1
974119,1
585186,0
76203,0
637597,1
999983,0
465780,1
735013,1
290151,0
347870,1
446311,1
408612,0
196509,0
129739,1
624840,0
806364,1
616197,0
376651,0
568226,0
51453,1
646773,1
462459,1
932633,0
420183,1
992903,0
968742,0
345859,1
890862,1
674121,1
268219,1
7655,1
497236,1
186163,1
706987,0
128531,1
315675,0
746780,0
968654,1
252133,1
53344,1
933095,1
161392,0
694317,1
682757,1
583969,1
230320,1
927233,0
702609,1
449579,1
52493,0
275488,0
308521,0
960368,0
275530,2
833217,1
800449,1
244138,1
642606,1
370237,1
36966,1
12748,1
465047,0
688977,1
843598,1
790157,0
242160,1
628826,0
446288,0
322424,0
803087,0
634079,0
825627,0
961667,1
33808,1
198272,1
990123,0
469488,0
463957,1
880361,1
584773,1
374553,1
183275,1
113375,1
190844,1
795230,0
444102,1
259635,1
497056,1
205201,1
830570,1
177632,1
874661,0
204768,0
426709,1
666101,1
728666,2
622683,1
539304,0
490246,1
862832,-1
91092,1
629284,0
581779,0
767922,0
207825,0
488877,1
290673,1
587933,0
12343,1
991667,1
366178,0
990370,1
345018,1
900182,1
23133,1
813652,0
155474,1
265814,1
976781,1
853893,1
125784,0
722067,0
203641,1
455687,1
21780,1
739736,1
663336,1
669160,1
99220,1
736519,1
162533,1
272392,1
809568,1
408446,1
293618,1
614427,0
448949,1
434123,1
694186,1
480120,1
343589,2
595575,0
880717,0
302744,1
631761,1
706535,1
121619,1
177940,1
94004,0
300637,1
324458,0
336980,0
3151,1
390611,1
336024,0
811013,1
920143,0
824716,0
453544,1
368830,1
556824,1
744397,0
647697,1
539985,1
399389,1
715168,1
784741,1
117318,1
568817,0
377392,0
111643,1
8723,0
262101,1
551225,1
377121,1
388278,1
387855,0
396758,0
821375,0
307577,0
11874,1
152947,1
373196,0
681799,0
195033,0
470515,1
542193,0
786188,1
952036,1
782706,0
232723,1
443670,1
685079,1
276015,0
373750,1
956265,1
847491,1
511736,1
301549,1
491260,0
502197,0
972927,0
740869,1
519113,-1
573875,1
858962,0
528969,0
570551,1
883034,0
169392,1
269695,1
47454,1
391822,2
628083,0
644328,1
436950,1
26551,1
647139,0
179680,1
363692,0
483048,1
540983,1
788092,0
205106,1
785011,2
33426,0
338299,0
240223,1
514220,1
767021,0
458376,1
871950,1
648034,-1
302254,1
638987,0
543051,1
518964,1
205963,1
895438,0
838812,1
396598,0
9385,1
53503,1
857881,0
899149,1
983942,1
717325,1
193613,1
287333,0
242144,0
966042,1
167148,1
3451,1
223188,0
571929,1
484537,0
261371,1
333480,1
717182,1
18369,0
239212,0
713047,1
896499,1
19234,1
576063,1
865976,1
865858,1
214133,0
7500,1
461792,0
909060,0
896636,0
923236,0
363209,1
943350,1
23718,1
732753,0
436406,2
226552,1
995707,1
860633,1
283389,1
828750,0
750985,0
10691,1
968989,1
283169,0
479441,1
49000,1
895112,1
89198,0
731498,0
873492,1
748686,1
493732,1
666504,1
291794,1
591070,1
399545,0
898448,0
655033,1
653524,1
933765,0
98740,0
701254,1
460181,0
750030,1
745890,0
633094,0
885609,1
642211,1
893929,1
233330,1
187583,1
1778,0
468742,1
757706,1
197401,1
145207,0
969010,1
93645,0
262801,0
874333,0
593952,1
874815,0
792528,1
96606,1
104081,1
951844,1
240191,1
741518,1
490704,1
787476,0
356997,0
804006,1
873876,0
623346,1
987897,0
914419,0
412157,0
2028,1
605102,-1
749238,1
307392,0
397422,1
338237,1
80541,0
449512,0
294833,0
413620,1
387693,0
450373,0
589886,0
516932,0
581483,1
346955,0
734933,1
288357,0
303455,1
224575,0
576795,1
15284,1
573941,1
919384,0
719494,1
24551,0
183366,1
336178,1
634250,0
609196,0
974078,1
839965,1
232062,1
924312,0
575336,0
124851,1
806164,1
732761,2
500599,0
412117,1
906349,0
913803,0
393406,1
189856,1
310554,1
919892,1
569801,1
817363,1
440342,0
720834,0
406014,1
142478,1
759688,1
371839,1
628608,0
488708,1
498562,1
43007,1
466461,1
103442,2
685532,0
488405,0
681057,0
353092,0
284569,0
395034,1
366099,0
577799,0
854121,1
264258,0
349261,1
122095,1
910800,0
638147,0
101951,0
309070,0
570235,0
59157,1
669686,1
558941,1
51268,1
991319,0
514870,0
52275,1
44216,0
326352,1
930456,0
837886,0
425286,1
354627,1
590555,1
540462,1
981998,1
135020,1
981661,1
805343,1
776590,0
700547,1
575771,1
810435,0
107181,1
122281,1
556956,1
77126,0
290670,1
517369,0
808687,1
114203,1
15842,1
102935,1
23002,1
404865,1
567081,1
211891,1
619002,0
684757,1
179146,1
935520,0
824330,0
150637,0
119377,1
768227,1
149919,1
669199,1
185722,1
336736,1
544432,0
461608,0
543004,0
34682,1
92880,1
215890,1
888835,1
181401,1
189154,1
872090,0
845259,1
218304,1
567409,0
399514,1
672209,0
4403,0
445740,1
464276,1
886163,0
187666,1
160670,1
285723,0
272753,0
170877,1
698764,1
132467,0
39110,0
606934,2
17095,0
13523,1
462723,2
389239,0
587505,1
690523,1
253146,1
167461,0
716193,0
754194,1
937593,0
795201,1
941129,1
951756,1
541050,1
676119,1
383346,1
318732,1
177261,1
374551,0
335242,1
669156,1
147257,1
631258,1
577768,1
556221,1
172964,1
767518,0
905221,1
937706,1
676551,0
411028,0
968883,0
65085,0
974176,1
281304,0
860156,1
885791,0
174569,1
674895,0
70824,0
604290,1
927676,1
731245,0
143452,0
342692,1
871087,1
761613,0
798311,1
635795,0
700014,1
791049,1
279700,1
507646,1
444407,1
465916,1
134834,1
852541,1
962364,0
176463,1
992510,1
975849,0
420299,1
704863,0
421447,1
935240,0
461836,1
819440,1
419330,0
535890,1
841407,0
826224,1
546860,1
624360,1
587419,0
389504,1
860824,1
793887,0
945522,1
436399,1
797196,0
642292,1
258901,1
233757,1
875599,1
860413,1
922066,0
719718,0
667210,1
954662,1
593300,0
491493,1
943128,1
670317,0
550089,0
152533,1
725903,1
685530,1
679978,0
247717,1
803475,1
776944,1
232693,1
752730,0
526205,0
831699,1
739965,1
251342,1
718512,0
816966,0
903146,2
891315,1
787078,0
21589,1
322283,1
867456,0
22847,0
520018,1
767439,0
808874,1
257679,1
635476,1
336477,1
398328,0
386898,1
559407,1
658452,1
64700,1
636423,0
906223,0
773709,1
441850,1
133043,1
553119,1
632138,0
320905,0
975115,0
38430,1
733245,1
384813,0
464528,1
786000,1
684182,0
221073,1
965970,1
691400,1
691422,1
63149,1
94816,1
613499,1
910979,1
50617,0
529874,1
144763,1
477049,1
718864,0
799336,0
429124,0
16399,1
389891,1
803662,1
45923,1
260020,1
780749,0
618441,1
139969,1
723808,0
188951,0
609927,1
98321,1
513818,1
943916,1
847508,1
425538,1
231808,1
618984,0
810170,0
952783,1
310439,1
955627,1
201714,0
253507,1
336728,1
739980,1
652034,1
786046,1
338331,1
978337,1
559940,0
930566,1
619635,1
44405,1
436944,0
609023,0
888451,0
565182,1
230971,0
966471,1
633801,1
596337,1
434014,1
876617,1
60545,0
971322,1
634921,0
851954,0
717758,2
421679,1
890281,0
665551,0
356135,1
963332,1
574829,1
81371,1
603906,1
468076,1
659606,1
97195,1
493580,0
880721,1
96026,0
252046,2
856130,0
472832,1
209090,1
609183,0
514259,0
681249,0
25872,1
408169,1
905925,1
459544,0
913419,2
71764,1
92104,0
74545,0
870533,1
393229,0
686549,0
299868,1
725140,1
661441,1
474203,2
242949,0
179621,1
537577,1
847478,0
884263,0
793221,1
819944,1
490010,1
939135,2
323575,1
893288,1
116830,1
362231,0
471844,1
176547,0
565202,1
329502,0
638907,1
614055,0
51534,1
945333,1
122940,0
469138,1
880749,1
778694,1
104364,0
368719,1
193727,1
665192,1
565739,0
343223,0
279885,1
892105,1
140680,0
790521,1
412336,1
445997,1
779795,0
681616,1
367686,0
506370,1
132168,1
759108,1
607329,1
833214,0
989639,1
381419,0
152267,1
84283,0
983881,1
657049,0
460356,0
700177,1
724623,1
269340,0
535460,1
552058,1
163554,1
243130,0
943320,1
931056,1
574005,1
321998,0
313038,1
651974,1
744160,1
911544,1
28314,0
420118,1
865942,1
782992,-1
175154,0
65902,1
787883,0
791692,1
207757,1
976442,1
758755,1
867625,1
607007,0
938596,1
994970,0
528695,0
534510,1
661942,1
715352,1
786120,1
840591,1
649191,1
229841,1
783682,0
218198,-1
446581,0
936827,1
152582,1
728227,1
11920,1
622280,1
735540,1
9279,1
757282,1
904522,0
347211,1
820479,1
756206,0
678920,1
440259,0
559157,1
406889,0
388681,0
88041,1
854980,1
922520,1
213898,1
145369,1
860687,1
680519,1
321220,1
882331,1
907463,0
335976,0
622805,0
349122,2
324368,1
581146,0
455964,1
160166,1
580239,0
18671,1
716376,1
979435,1
252476,2
838635,1
846835,1
981163,1
236535,1
927987,0
710593,1
610576,1
758414,1
18822,1
424206,1
154236,0
729958,1
407521,0
824810,1
554576,1
996125,0
508149,1
280895,1
110710,0
583480,1
667841,1
949978,1
396471,1
837179,1
737124,1
294524,1
641827,1
416947,0
515505,0
588319,1
604614,0
446458,0
37360,1
704078,0
544705,1
63842,0
901931,0
269577,0
138417,1
426497,0
674947,0
247478,1
209270,1
992108,1
255923,1
972520,1
942975,1
664932,1
799405,0
937887,0
173729,1
485359,0
134379,2
760079,1
398627,1
32929,1
299783,1
44735,0
728497,0
183312,0
94753,1
14623,1
353731,1
297818,1
713609,0
362414,1
34025,0
704233,1
579173,1
591696,1
315835,1
270023,0
926733,1
30642,1
665957,1
28337,1
417278,0
50742,1
358351,1
200711,1
389793,0
454424,1
717217,0
294907,1
198716,1
606121,0
970000,1
398295,1
849951,1
971806,1
500923,1
307702,1
960324,1
645317,1
29213,1
477346,0
299162,1
544515,1
880298,1
612332,1
766985,1
361680,1
302664,1
200394,1
447949,1
99648,1
928859,0
83796,1
925802,0
294633,1
303648,0
314580,1
572088,1
200392,0
641822,0
385091,1
556789,1
203724,0
296730,1
916865,2
435206,1
797442,0
586862,1
544527,0
342507,1
159414,1
873750,1
240786,1
912315,1
430947,1
502009,1
406685,1
783825,0
994307,1
826534,1
958248,1
965880,1
641657,1
250465,1
447013,1
855359,1
807064,1
986805,1
461201,0
488707,0
895905,0
801388,1
34910,1
242159,0
45534,0
976055,1
937872,0
838818,1
590122,1
21289,1
762446,0
164145,1
397452,1
95291,1
870694,0
419126,1
314286,1
951661,0
187089,0
375759,0
679611,1
422353,0
886918,1
678095,0
839278,1
379592,0
738080,1
336714,0
1816,0
657388,2
683321,0
477660,0
223453,0
421643,1
43719,1
381965,0
294032,1
109220,1
874526,1
440019,0
927947,1
574554,0
128567,1
378707,1
592854,0
456458,1
962041,1
750953,-1
52542,0
122796,1
187289,1
265431,0
828671,0
244357,0
753421,1
204521,1
14384,0
938581,0
739493,1
272480,0
293270,1
407620,1
221779,0
700583,0
491385,0
648006,1
271260,1
68436,1
7675,0
820467,1
957518,0
192926,1
970423,1
960163,0
458966,0
644790,1
85869,1
775140,0
802518,1
110473,0
640417,1
280223,1
494357,1
174044,0
731471,0
3723,1
3202,0
549109,1
873234,0
580874,0
56879,1
608787,1
151713,1
457952,1
155514,1
572568,1
471996,1
749681,1
85658,1
509974,0
45633,1
163316,1
168820,1
540509,1
203774,1
589068,1
930997,1
327726,0
673125,0
470462,0
275391,1
723919,1
446680,0
141194,0
583867,1
302930,0
757862,1
649240,1
551327,1
162535,1
715022,0
356711,0
279120,1
564,1
121545,1
242286,0
625921,1
216342,1
534568,1
173469,1
451677,0
565007,1
858239,0
707167,0
581249,1
833702,0
14926,1
448775,1
864201,1
15881,1
57888,1
525539,1
672859,1
297051,0
413953,1
20613,1
783978,0
44946,0
739146,1
242763,1
427532,1
482620,0
338775,1
963222,1
853096,1
178136,1
507896,1
872710,1
756649,1
427921,1
236300,1
472843,1
585050,1
722000,0
652221,0
157054,0
758676,0
842465,0
212791,1
695776,1
699957,1
232164,1
517116,1
930064,0
576283,0
265567,0
17842,0
798939,0
168339,1
106814,0
825225,1
360538,1
612554,1
853657,0
98480,0
177484,0
777232,1
768047,1
881405,1
671404,0
329427,0
184153,1
859092,1
456205,0
280330,1
203075,0
272683,1
102279,1
251364,1
691018,0
171437,1
584523,1
352915,0
938918,0
118705,1
362862,1
162835,1
684924,1
192051,1
302733,1
338757,1
964326,1
84507,1
785363,0
504198,1
232387,0
169990,1
191543,1
746266,0
389694,1
202010,1
693828,1
234488,1
933815,1
536804,1
568070,1
757915,0
214113,2
430081,0
219191,1
154202,1
265504,0
192317,1
231203,0
921692,0
582394,0
103419,1
469177,1
67327,1
409807,0
576187,0
550239,1
648313,1
375610,1
288718,1
661607,1
440008,0
937627,0
721289,1
287145,0
281673,1
886513,0
407091,1
42518,1
742525,1
118175,2
339939,1
746758,1
47529,1
750212,0
162028,0
937194,0
491132,0
474018,1
361042,1
799826,1
513377,1
329632,1
994041,1
721268,1
93850,1
610899,1
418447,1
502706,1
910420,1
103571,1
338728,1
143979,0
908115,1
224771,1
203179,1
784900,0
795672,0
197824,1
158701,0
863844,1
678273,1
291587,0
380473,0
144028,1
296369,1
100221,0
353354,0
74660,1
359734,1
593537,1
461573,1
787803,1
498737,0
700957,0
504538,1
736901,1
651995,1
853083,1
582931,1
356177,1
140282,0
615437,1
59916,1
358757,0
144672,1
239716,0
661831,1
795858,0
124164,1
129832,1
112460,1
242681,1
160144,0
422103,1
546746,0
219843,0
151006,0
190868,1
994821,0
531825,0
35242,1
858151,1
432143,1
12320,0
831941,0
584499,1
524383,0
795138,2
152972,0
703808,1
620420,1
465164,0
384067,1
231989,0
946557,0
154720,1
948569,1
435694,1
300631,1
702259,1
881456,0
870399,0
997972,0
662440,1
733984,0
578706,1
232381,0
20967,1
277542,1
191551,0
11712,0
729970,1
937412,1
515785,1
27412,1
626724,0
718433,1
467242,1
127677,1
515849,1
962814,0
73851,0
448294,1
388958,1
88600,0
815016,1
342255,0
315500,1
397781,2
497256,1
900685,1
895026,0
837882,1
857718,0
645914,1
429221,1
733705,1
644143,1
168585,1
823781,1
732801,1
484639,1
144983,1
558804,0
78602,1
509354,0
59464,1
702425,1
194139,0
354470,0
697242,2
959223,1
925997,0
964409,1
552441,1
704720,0
637471,1
392090,0
429352,1
418244,0
212699,0
433115,0
596894,2
744616,1
700389,1
499577,1
939324,1
444327,1
899081,0
562893,1
430444,1
590926,0
301275,1
341119,1
629890,0
292105,1
598093,1
578681,1
450187,0
806371,1
377791,0
552683,0
310662,1
493968,1
213428,1
323918,0
659778,1
931821,1
466144,0
485827,1
576534,0
880020,1
983767,1
307996,1
901703,0
787373,1
488684,1
138535,1
116502,1
418892,0
695046,1
601032,1
260117,0
84408,1
438427,0
260358,1
564732,1
727187,0
126996,0
166715,1
941101,1
963211,1
206732,1
754664,0
991119,1
573773,1
733913,1
324298,1
286589,1
452072,1
574560,0
582553,1
387930,1
106633,1
209318,2
247440,0
645123,1
632243,0
41005,0
510964,2
126015,0
925313,0
946901,1
645629,1
568781,1
966168,1
164600,1
76245,0
54719,1
7509,0
434728,0
68985,1
889229,1
617853,1
230037,1
598028,0
934017,1
204685,1
275992,1
365621,1
71091,1
972408,1
109470,1
79549,0
362284,1
87027,1
7240,1
703452,1
145197,0
1945,1
712767,1
511943,1
228503,0
675038,1
850882,1
157092,2
993050,0
190667,1
56081,0
320095,1
124432,1
929212,1
770494,1
759292,1
726964,1
355876,1
932500,1
251875,1
147687,0
124352,1
567215,0
47328,0
384546,0
714132,1
744069,1
904328,1
174271,1
946120,1
340483,1
280836,1
44911,0
438926,1
502640,0
613771,1
295236,1
651182,0
113815,1
70411,1
770580,1
425733,0
952906,1
859485,0
567060,1
533881,1
470525,1
848469,0
568784,0
877185,1
168726,1
587093,2
987387,0
342669,1
725378,1
487075,0
344476,0
332836,0
767844,1
262960,1
71648,1
529828,1
980495,1
389168,1
981338,0
795799,1
976940,0
96321,1
41753,1
194110,1
504128,1
780124,1
356023,0
398872,1
345019,1
776169,0
359849,0
311294,0
618627,1
155605,0
397357,0
880594,1
282389,1
8701,0
646950,1
701935,0
867236,1
169205,1
677356,1
551956,1
239983,0
829555,1
90918,0
604275,1
172579,1
9475,1
924591,0
676803,0
715117,0
795553,0
672587,1
273880,1
29004,0
596291,1
594134,0
684013,1
262766,1
332492,0
33218,0
511329,0
626443,1
76165,1
210055,0
145456,0
131138,1
864046,0
226831,1
641620,1
121792,0
593310,1
998283,0
366049,1
790955,1
484959,1
518884,1
444593,1
285948,1
262411,0
544648,1
181962,1
29667,0
101815,1
484679,1
165310,1
991755,1
753084,1
645827,1
797101,1
652094,1
415350,1
988696,1
254341,0
619928,0
733556,1
874389,0
889535,1
18492,1
212156,1
446936,1
99337,0
366122,1
857685,1
752290,1
784519,1
841029,1
818114,1
391759,1
218217,1
514458,1
725621,1
277280,1
960351,1
497022,1
673763,0
576817,1
113307,0
623916,0
650738,1
647394,0
764007,1
732898,0
391659,0
175838,1
467890,1
648786,-1
192616,0
280107,0
231690,1
760479,1
220087,1
27968,1
435534,1
906542,1
682632,1
807456,0
985511,1
531101,1
405436,-1
477213,0
440967,0
334834,1
906815,1
478680,1
184856,0
527493,1
562159,0
244745,1
642003,0
357986,1
46480,1
49925,2
979680,0
662792,1
75837,1
943024,1
576033,1
345642,1
634597,0
743366,1
573632,0
292228,0
843750,0
510205,0
709542,1
228488,0
922831,0
579403,1
395851,1
440675,0
714011,0
679588,1
154261,1
701991,1
78214,0
807282,1
668050,1
734739,1
385189,0
413920,0
651019,1
255286,0
258396,1
931784,0
79989,1
628610,1
439993,1
898414,0
681341,1
150769,1
710936,1
616628,1
811994,1
556747,1
843257,0
99188,1
427006,1
97899,0
706552,0
717134,0
920814,0
583327,1
738594,0
506262,0
63123,1
929360,1
741854,1
305707,1
837793,0
742000,1
918334,1
956244,1
493656,1
155104,1
598173,0
693350,1
858955,0
648396,0
381704,0
761694,1
880806,1
227080,1
623268,0
983828,1
802279,1
987980,1
211241,1
265042,0
174321,1
461455,1
399200,0
52238,1
619713,1
219773,1
276473,0
868018,2
758458,1
929280,1
589155,1
266361,0
914494,1
560119,1
486451,0
881623,1
219667,1
380317,0
221371,1
37074,1
713540,0
548241,0
611865,1
987116,1
322192,1
216069,1
629946,1
13575,1
811195,1
265187,1
664758,1
682704,1
403445,1
254631,1
616375,1
772787,1
964612,1
126727,0
804398,0
904502,0
771068,0
996118,1
48173,1
210227,1
236789,1
70995,1
706649,1
785152,1
905971,1
895249,1
637993,1
626143,0
181536,1
462251,1
146057,1
186483,1
955391,0
627421,1
677657,1
109807,1
2354,1
596661,1
697797,1
449687,1
89035,1
934819,1
474445,1
499061,0
222175,1
816137,1
958446,1
451394,0
988130,0
39619,-1
531092,1
970953,1
6685,0
57260,1
339478,1
854673,1
391664,1
105187,1
489312,1
605384,1
345792,0
498080,2
442883,1
366507,0
268424,1
548053,0
816356,0
319790,1
406053,0
749147,0
860970,0
848457,0
163149,1
133966,1
800062,1
702964,0
44870,1
370116,1
264,1
691694,1
386234,0
622990,0
761421,0
550240,0
18557,0
880977,0
900311,0
290640,1
834981,1
805937,0
5660,0
937229,0
602273,1
756623,1
314251,1
859126,1
625840,1
628722,1
31683,1
637301,1
861106,1
962504,1
413768,0
509887,0
252731,1
795288,1
710479,0
174945,0
579830,1
229717,1
144271,1
379189,0
290199,1
200446,1
128390,0
699939,1
108841,0
312441,1
864148,1
950584,2
961196,0
685323,1
805401,1
698939,1
814000,1
58299,1
23273,0
995061,1
676193,1
546056,1
655182,0
69773,1
587608,1
17138,1
280642,0
371093,1
779346,0
818106,-1
318382,2
767509,0
777623,1
107387,1
130632,0
187272,1
566063,1
286832,1
63870,0
128230,1
197323,1
716749,0
957299,1
274019,0
203658,1
191203,1
267003,1
716822,0
375666,1
823132,1
377725,2
18572,1
356855,1
105902,1
827866,0
478653,1
349139,1
68048,0
635269,0
363713,1
87799,1
915713,1
609213,0
1868,1
777800,0
574642,0
858064,1
638221,1
480115,0
596549,1
573227,0
667910,1
269505,0
681429,0
980390,0
904230,-1
261374,0
889016,1
1873,0
427871,1
574530,1
602979,1
347948,1
282595,1
412481,1
380725,0
63535,0
734774,0
179529,1
633917,0
894682,0
158195,-1
763806,0
848639,1
194609,0
865198,0
565875,1
496725,1
953477,0
630968,1
737186,0
526033,1
404501,1
558384,1
904548,1
328893,1
455263,1
411075,1
370060,1
116665,1
432933,1
608567,0
908282,0
66979,1
599838,1
543212,1
885689,0
443882,1
876929,0
887643,1
624540,1
34911,1
580022,1
198211,1
630440,0
542738,0
871903,0
716228,1
406230,1
668064,0
314274,1
257686,0
101227,0
25290,0
375891,1
34010,0
40365,1
853758,1
788125,2
213338,1
180139,0
55654,1
834951,1
627875,1
251339,1
440126,0
272326,0
644600,1
398471,1
802594,1
573749,1
52505,0
434584,0
438631,0
427939,2
915148,1
860272,0
368060,1
774835,1
354242,1
570617,1
70495,1
135174,1
682907,1
372076,0
367591,0
815570,0
629181,1
829720,1
221249,1
819991,2
237193,1
541924,0
27354,1
91111,1
182572,0
84978,0
353319,0
760882,0
166329,1
640783,1
328610,0
7783,1
610090,0
880345,0
259391,0
254046,1
483168,0
634613,1
794011,1
864337,1
804186,1
188819,0
133114,0
302105,0
879752,1
536387,1
193423,0
657857,1
380045,1
594314,0
570237,1
670097,1
918209,0
837336,1
74832,1
599202,1
345439,1
597691,-1
623359,1
154926,1
543345,1
47506,0
968726,0
417810,0
143490,1
378655,1
946596,0
35342,0
622888,0
832165,2
192832,1
97549,1
495487,1
766048,1
939033,0
138800,1
228761,1
574754,1
626985,1
433348,0
192355,0
963107,1
999981,1
617958,1
952959,0
959362,1
192609,1
66246,0
358555,1
813493,1
382756,1
199914,1
266290,1
553116,1
993994,0
660130,1
589516,1
46337,1
514759,0
162622,1
644185,0
739106,1
971561,1
659698,1
151215,1
416432,0
769917,1
788844,1
492700,1
425952,1
235477,1
527302,0
958454,1
602185,1
532355,1
421607,1
479614,1
438859,1
543088,1
462257,1
590371,1
10969,1
589424,1
464478,0
429596,1
798448,1
23909,1
376272,1
923193,0
823747,1
457355,1
347052,0
66502,1
299715,1
312547,0
826591,1
230066,1
907342,0
185909,1
964603,1
652858,1
673484,1
659850,1
325061,0
91808,1
123801,1
513943,0
860175,1
815056,0
486326,1
855450,1
240653,1
757775,0
650557,1
610842,1
399725,0
348551,0
83045,1
70637,0
237678,1
222133,1
865701,0
68152,0
767679,0
389088,0
575093,0
755276,1
125235,1
117833,1
850199,1
665252,0
354103,0
85482,1
96215,0
420392,0
836749,0
96112,1
442655,1
493632,1
250104,1
431638,0
260943,1
28195,0
228403,0
434759,0
609858,1
726626,1
836744,1
387382,1
566453,0
43761,1
815572,1
127076,1
350807,1
37942,1
367769,0
374290,1
181464,0
806379,1
61948,0
531906,1
658791,1
322278,0
901920,1
963328,1
405596,0
11922,0
74085,0
616402,1
280716,0
798339,0
133412,1
739578,1
480835,1
529150,1
174969,1
278166,1
773548,1
737855,1
410542,0
211669,1
423622,2
708256,0
448983,0
186031,0
169019,0
101779,1
650180,0
926550,1
138491,1
391450,1
934166,1
697839,0
720023,1
971780,1
748213,1
926054,0
308665,0
210959,0
757381,1
519967,0
517695,1
828619,1
786684,1
654141,0
26799,1
291929,0
482170,1
853745,0
300939,1
510814,1
167713,2
265139,1
155267,1
228872,0
384335,0
813193,1
38282,1
183876,0
720812,0
109534,1
259492,1
246290,0
763749,1
642286,0
867952,0
8216,1
320110,1
21464,0
310567,1
615005,1
53859,0
297063,1
264190,0
443998,1
757742,0
754862,0
725854,0
890956,0
321055,0
634254,1
235754,0
558955,1
65287,0
484377,1
10455,0
286352,0
113454,1
461270,1
488570,1
887186,1
758368,1
814188,0
8804,0
919559,1
902551,1
836655,0
259266,1
843290,1
89878,1
177737,1
709915,1
538854,1
916160,0
226541,1
138347,1
189907,1
835957,1
2453,1
288234,1
892628,0
347594,1
235588,1
468709,1
475853,1
508767,-1
141974,1
505807,1
966179,0
800564,0
897987,1
566665,0
31082,1
893407,1
497793,0
271869,1
952902,1
249204,1
425573,2
857643,1
970991,1
820814,0
771165,1
522475,0
134378,1
208843,1
781292,1
488788,0
56755,1
677231,1
430403,1
492666,1
690704,1
86820,1
729700,0
910595,1
627411,1
544675,1
236936,1
707145,1
723320,0
534852,1
585851,0
789872,1
489844,1
626956,1
520654,1
466279,0
615839,1
340614,0
578623,1
986836,1
699946,0
491981,0
302985,1
821321,1
872096,0
83112,1
916902,0
74318,1
41781,1
108426,1
540514,1
350015,1
504130,0
569630,1
48076,0
582428,1
678581,0
933542,1
204455,1
483251,1
101551,0
596456,1
98551,1
136985,-1
378502,0
661017,1
631081,0
397495,0
429301,1
653053,0
873776,1
85162,1
721865,1
142098,1
957871,1
885270,0
63750,0
258944,1
86728,0
70534,1
790364,0
643306,0
298528,1
240070,1
445578,1
678471,1
112618,1
838761,1
604353,0
355764,1
829347,0
157025,0
528161,1
439782,1
412030,1
764877,0
53914,0
197159,0
87861,1
626983,1
852887,1
130659,1
532269,1
721124,0
207930,1
555759,1
971279,0
303159,1
507693,1
465871,1
934290,1
182683,1
825197,1
436717,1
866022,1
113016,0
244750,1
502527,0
162559,1
463464,1
763405,0
18702,1
238567,1
704788,1
651389,0
744950,0
129143,1
384556,1
76106,1
256890,1
520293,0
889555,1
746129,1
427951,1
731007,1
429288,1
20860,1
993045,1
176478,1
895762,1
569333,0
212305,1
725658,0
728982,1
933352,1
484356,0
255786,1
829635,1
334593,1
188684,0
815072,0
442122,0
36020,1
421230,1
627623,1
980821,1
781008,2
645631,1
163845,0
949415,1
284280,0
961923,0
138561,0
935550,0
832262,1
712116,0
713337,0
784039,2
702165,0
738465,0
132050,1
499967,1
367567,1
623626,1
825528,0
375901,0
810713,0
712277,1
102007,1
187527,1
378155,1
634492,1
675346,0
901159,1
466180,1
915897,1
804521,1
145454,1
178673,0
617471,0
875322,0
129150,0
622678,1
21744,1
704991,1
519115,0
380592,0
268542,0
291316,0
338268,1
239293,1
531330,1
300066,1
50540,1
113908,1
585990,0
752092,1
79291,1
347916,0
864940,0
7787,0
629207,1
575917,1
432436,1
597885,1
173756,1
867822,0
278415,0
528119,0
118755,1
356576,1
748080,1
51429,1
698409,1
388085,0
307283,1
704405,0
812733,1
717339,1
293579,1
406738,1
228132,1
286368,1
577734,1
135143,1
620854,0
369683,1
323400,1
417301,0
436059,1
721249,1
773767,0
333656,1
568768,0
43272,1
938568,-1
172948,0
983276,1
803312,1
76720,1
511620,1
512613,1
984860,1
95573,1
850914,1
482213,1
269621,1
193531,1
595368,0
107866,0
469303,1
818727,1
635858,1
965686,0
299643,0
624867,1
304109,1
88015,0
26930,1
764165,1
830407,1
533945,0
832256,1
730474,1
142120,1
52465,1
970804,1
415836,1
605423,0
472333,1
248830,1
47690,0
816723,0
278217,1
204745,1
100347,1
17989,0
385330,1
659215,1
575962,1
41877,0
147107,0
12509,1
873931,0
961460,0
991948,1
882799,1
597075,0
397560,1
922131,0
516390,1
36679,-1
355749,0
111961,0
333377,0
519677,0
292196,1
200571,1
532693,1
696374,0
36398,0
963871,1
760952,0
507103,1
243383,1
51662,1
788143,0
193781,1
102407,0
76051,0
41988,1
29210,1
733080,1
985373,0
872691,1
49560,0
198799,0
601351,0
767895,1
88166,2
272120,1
761653,0
439734,2
225986,0
271947,2
20794,0
172350,1
93349,1
207577,1
193393,1
919838,1
303267,0
215238,1
753001,0
860932,1
731781,1
772579,1
945782,0
565594,0
668399,0
187894,1
24733,0
127237,0
57546,0
813037,1
365946,1
486202,1
226177,1
83339,1
475772,0
733562,1
672377,0
325473,1
960228,1
338453,1
303865,1
984308,1
176390,0
110266,0
723823,1
713426,1
65837,1
959568,0
259915,1
414319,1
734239,0
951585,1
991551,1
538053,0
159032,1
760242,0
511303,1
205139,1
713411,0
404299,0
520934,1
962258,1
589683,1
879487,1
595853,1
893537,0
510701,1
506168,1
935401,1
172217,0
107737,0
843898,1
75963,1
792583,1
788850,1
171453,1
721682,1
504393,1
457122,1
967876,1
778564,0
384288,0
918649,1
932202,1
596826,1
533476,0
510491,0
542316,0
994967,0
19929,0
600094,0
415619,2
954438,1
68040,1
621500,1
219085,2
511936,0
24310,0
92102,0
606534,1
71316,1
680063,0
322709,1
489062,1
508651,0
727703,1
4932,0
962717,1
261801,1
235490,1
526141,1
464597,0
402932,0
874966,0
38647,1
874952,1
45839,0
11704,0
415601,0
62116,1
857982,0
270552,1
916824,1
195763,0
580302,0
746004,1
21524,0
756045,1
291523,0
168193,0
951740,1
719914,0
221414,1
46653,1
682720,0
358950,1
287098,0
98062,1
129794,1
881908,1
346851,0
420600,0
496637,0
184565,1
806189,1
309088,1
377531,0
767728,1
366827,1
268773,0
434121,1
416182,2
768348,1
451039,1
141243,0
400389,1
984894,1
844684,0
413599,0
366303,0
934357,1
710000,0
76567,1
273418,1
169343,1
158615,0
568416,1
529243,1
951670,1
163851,0
111020,1
222806,1
504194,1
403341,1
409964,1
164886,0
575926,0
50353,1
511508,1
824922,1
306457,1
791734,1
320087,1
389556,2
7867,0
266834,0
297246,1
972720,2
832558,1
973815,0
121239,1
173190,1
347349,1
801067,1
554970,1
942489,1
318547,1
433231,0
214255,1
964352,0
296345,2
369301,1
786938,1
248151,1
706539,1
243277,1
1848,0
988928,0
829412,0
876162,1
983975,1
920807,1
857409,1
642964,1
740115,1
287561,1
65414,1
115578,0
996029,1
530221,1
390917,1
879745,0
664859,1
29179,0
329827,0
76057,1
815249,1
516224,1
879490,0
870513,1
447999,1
282117,1
551584,0
896735,1
378299,1
362462,1
817340,0
339234,1
384300,1
372535,1
481501,1
22762,1
485119,1
960924,0
1286,0
484608,0
96406,1
119877,1
704187,0
639303,0
226794,1
466728,1
267290,1
197811,1
192879,0
541183,0
268167,0
222652,1
389701,1
778178,1
899742,1
611148,1
412287,0
154379,0
337433,1
4992,0
952134,1
614950,2
433589,1
431329,0
973104,1
345041,1
9154,1
159443,1
328167,0
410690,1
560172,1
475421,1
693871,0
765176,1
473084,1
948517,1
614570,1
240361,0
179722,0
221023,1
147626,1
82010,1
660216,0
954078,1
201149,1
362596,1
306287,1
480623,0
83287,0
860488,1
659668,1
443467,0
401669,1
605414,0
411340,1
6215,1
34173,1
927611,1
417370,0
829063,1
955137,0
974180,0
513478,0
63637,0
3608,1
143481,0
279637,0
12633,1
91354,1
456539,1
103459,0
724466,0
917465,2
677645,0
625671,1
368134,1
418287,0
830297,1
850990,1
99241,1
713539,1
776332,1
611692,1
378145,0
692646,0
551222,1
41841,1
676647,1
964118,1
829668,1
416481,1
585188,1
119077,0
122135,1
541838,1
176060,1
864487,0
751214,0
219125,1
660479,1
490868,1
826967,1
129768,1
750892,1
720402,1
453224,1
704902,1
796499,1
533138,0
751954,1
654466,1
379806,0
584321,1
21580,1
628187,0
604103,0
324896,0
403714,1
679294,1
288757,0
885811,0
87060,1
226855,0
208873,0
385795,1
36354,1
231516,1
898881,1
439774,1
41702,0
697039,1
118268,1
230412,1
401943,0
317235,1
190442,1
324957,1
211902,1
719624,1
422031,1
941377,0
125441,0
242012,1
242306,1
342079,0
656786,1
665159,1
449945,1
879883,1
749307,1
66606,1
635824,1
810058,1
281353,1
708472,1
819973,0
867318,1
608853,0
972226,1
800498,1
793922,1
198481,0
252111,0
325911,1
485103,0
672238,1
18275,1
144361,1
995474,0
392717,1
308265,1
39492,1
69444,1
12457,0
212664,0
816340,1
606236,1
194914,0
216293,0
303599,1
343159,1
206331,0
524269,0
434114,1
86292,1
987282,0
562537,1
404732,1
764897,0
816811,1
377492,0
46126,1
637184,0
432808,1
314173,0
515732,0
838114,1
66701,1
621746,1
266646,1
560557,1
793372,0
913750,1
139199,0
420137,0
292903,1
651987,1
157858,0
270569,1
362026,1
443999,1
588978,1
211628,0
609004,1
482845,1
598339,0
943724,0
794232,1
272594,1
899087,0
429784,0
760840,1
28149,1
808742,1
150908,1
768682,0
820329,0
173226,1
259838,0
368871,0
855825,1
786513,1
156853,1
789157,1
5991,1
734105,1
30992,1
467775,1
111368,1
973179,0
861404,0
95859,1
640918,2
222268,1
715936,1
615609,1
964807,0
950784,1
754178,1
897363,0
389753,1
968374,1
610718,1
821120,0
792286,1
306378,1
944027,0
672988,0
926873,1
576218,1
614007,1
548378,1
768017,0
654397,-1
235861,0
391370,0
186071,1
824006,1
663965,0
823710,1
378005,1
730502,0
314573,1
385871,1
434233,0
802739,0
521973,2
875614,0
307688,0
331041,1
901681,1
465021,1
247820,0
203128,0
229310,0
227668,0
970187,1
948579,1
240077,1
792835,0
541891,1
376905,1
420718,0
462840,0
88860,0
83832,1
739920,0
787253,0
105649,0
4602,0
765248,1
112884,0
732506,1
666883,1
539233,0
715698,1
694079,0
6025,1
422546,1
926173,1
303801,0
179173,0
339152,1
225522,0
277373,1
413184,0
607498,2
811297,1
72944,1
868808,1
668850,1
394292,0
222476,1
571858,1
676920,1
171213,1
231952,1
644763,1
711281,1
329512,1
351285,1
780051,0
494771,2
276685,1
458846,1
5049,1
966777,1
610678,0
821446,1
987377,0
766106,0
169484,0
260149,1
593061,1
734995,1
209613,1
626252,0
667510,0
743735,1
805447,1
323315,0
568282,1
637648,0
84755,1
755282,1
704830,1
396421,0
479893,1
959482,0
970686,0
221268,1
144987,1
937007,0
325308,0
550486,0
583351,1
737106,1
6394,1
867691,0
786510,1
157931,1
532896,1
826598,1
799476,1
776730,0
880076,0
278774,1
144722,1
821217,0
457259,0
39408,1
464147,0
693720,1
401381,1
382649,1
327761,1
999519,0
109855,1
139161,0
573474,1
276329,1
191012,0
338409,0
598434,1
318459,1
285434,0
296356,0
162435,2
476311,1
603693,0
909464,1
183481,1
749966,1
642063,1
191936,1
516300,0
201656,2
689131,0
210664,-1
715905,1
546018,1
316131,1
780104,1
941293,1
966698,1
331959,0
675148,1
495010,1
785573,1
992003,1
292482,1
316399,1
207963,0
915900,1
656892,0
295105,0
36492,0
597849,0
473441,1
576935,0
840716,1
777967,1
974517,1
832211,1
423131,1
836914,1
82167,1
969815,0
804703,1
457817,1
685085,0
646257,1
624130,1
582559,1
423169,0
657337,0
88960,0
269970,1
105374,0
482268,1
782859,1
592629,1
336497,0
57312,1
402798,1
324231,1
58998,0
922240,1
724277,1
122922,1
592514,1
77165,1
468630,1
621373,1
398635,1
559697,1
214414,1
619976,1
455298,0
660578,1
643036,1
913457,1
287368,1
813930,1
307025,1
551415,1
689333,1
611269,1
935392,2
897868,0
236645,1
77481,1
618553,1
633595,0
655062,0
699074,0
195308,0
595210,1
945743,0
191854,1
987819,1
397016,0
308507,1
43551,1
240695,1
286168,1
915509,0
869683,0
295238,1
273952,1
584394,1
195900,1
715663,1
851063,2
393719,1
285491,2
474768,1
988237,0
422929,1
531642,1
245695,1
879694,1
420847,0
442565,1
232430,1
398214,1
394365,1
426338,1
330020,1
785007,1
972338,1
942593,1
961346,1
764846,1
669522,1
319959,1
181107,1
408404,1
523048,0
101999,1
172983,2
671524,1
849739,1
346827,0
476615,1
895125,0
92275,0
784034,1
463466,1
541545,0
229217,1
486638,1
318073,-1
238027,1
123946,1
926635,0
957341,0
331416,0
912415,1
737710,1
123939,0
197071,1
355991,0
939791,0
35780,0
238540,1
578043,1
559830,1
663080,0
637989,0
609853,0
688250,1
573526,0
122197,1
698843,0
978695,0
276003,0
180966,2
640355,1
528396,2
838575,0
224086,0
25107,1
941017,1
83294,0
488157,1
280143,1
234739,0
580721,0
907765,1
556068,0
212700,1
353721,0
675982,1
339284,1
191301,1
168885,0
732303,1
793043,1
699639,1
312517,1
352208,1
266989,-1
901063,0
675882,0
320560,1
245351,0
522325,2
703585,1
641049,0
45110,1
414797,1
269667,0
242813,1
367599,0
654104,0
894232,1
287449,1
573969,0
573083,0
543358,0
672556,1
761778,1
790474,1
576012,0
391509,0
766952,1
37858,1
703952,1
840146,1
317102,0
663313,1
350256,0
302864,0
950748,1
559829,0
316929,1
885671,0
926884,1
151033,1
956089,1
578319,0
502372,0
55085,0
844569,0
657020,1
327419,1
774068,0
215327,1
53274,1
165384,1
216655,1
895964,1
658815,0
392139,0
303725,0
95260,2
29266,1
941438,1
786762,0
687815,1
58178,2
892211,1
38872,1
6715,0
115420,1
564035,1
655450,0
536531,0
558684,1
521553,0
702061,0
270836,1
579324,1
186889,1
813889,1
864478,1
879657,1
748146,0
273325,1
52520,0
620251,0
967986,1
255772,1
124459,0
778658,0
730026,0
524315,1
808795,0
410560,0
736913,0
585868,1
860621,1
911013,1
350251,1
583294,1
237397,1
810871,1
302920,1
826197,2
552138,1
948170,1
734002,1
381149,1
87066,1
393025,1
242100,1
73720,0
248576,0
757481,0
949825,0
122392,1
454520,1
246599,0
587755,1
696011,0
702158,1
577157,0
779146,1
361064,1
568478,1
293138,0
886852,1
641390,1
309204,1
861978,1
65678,1
37161,1
44459,1
212306,0
15931,1
839468,1
206409,2
80465,1
902010,0
184219,1
45607,0
337771,1
89645,0
414134,1
357355,1
783782,1
537334,1
818133,1
314957,1
793240,1
903549,1
505388,0
903516,1
830608,0
708649,1
699265,1
199279,1
423050,0
84479,1
692437,0
511157,1
134111,0
457774,1
444789,1
28139,1
532892,0
896668,1
807831,0
566437,0
122276,0
330625,1
459982,1
37020,1
248792,0
67871,0
818267,1
899530,0
598012,1
105391,1
734981,1
194458,2
525857,0
299185,1
303968,0
623420,0
491902,1
405671,1
283285,1
314315,0
342649,1
811594,1
877953,0
250020,1
482420,1
811970,0
410045,0
768287,0
10140,0
381026,1
824589,0
566239,1
168376,1
925405,1
175224,1
761939,1
701364,1
634818,1
691110,1
386807,0
885006,1
486755,1
335914,1
961423,1
48070,1
86376,0
857017,0
70184,1
808139,1
348386,0
924242,0
686843,0
49160,1
302490,1
183669,1
945556,1
664348,0
556462,1
643411,2
428375,1
855864,1
566490,1
830535,1
382,1
373785,1
734921,0
171713,1
556800,1
88973,0
658337,1
4709,1
877084,1
445620,1
270537,1
703375,0
46873,0
899754,1
795861,1
812551,1
535591,1
80055,1
570775,1
607294,1
346257,1
834872,1
214043,0
613413,0
1960,1
591346,1
716050,1
449744,1
746121,1
576177,1
742262,1
603256,0
995594,1
491003,0
258024,1
132811,1
739061,0
515952,1
622935,1
448716,1
357570,0
459647,1
694067,1
342342,0
458106,1
943571,2
592617,0
847809,0
676499,1
393921,1
307201,1
814178,1
33055,1
316616,0
246745,0
28308,1
793207,1
334667,0
805610,0
747215,1
124201,1
360821,0
461119,1
301741,1
491775,0
930852,1
208706,0
54869,1
62066,1
10993,1
629210,1
483522,1
810782,0
801097,1
117955,0
857587,1
756775,1
886329,1
629213,0
130697,1
412538,0
34139,1
149935,1
813785,1
74650,0
465837,0
353152,1
331104,1
56069,1
723413,0
243069,1
482844,0
516277,0
634035,1
331193,1
474759,1
488620,1
839352,0
391234,0
313648,0
659109,0
662221,1
296437,0
193971,1
787920,1
535511,1
769581,1
349431,1
929265,1
795123,1
155398,1
725497,0
235678,1
369892,0
989976,1
685160,0
345451,1
875429,0
588854,1
398409,1
142668,1
868078,0
449764,0
194389,1
465891,1
861701,1
668682,1
859322,1
397319,1
662170,1
447574,0
550614,1
434903,1
939644,0
629964,1
822224,0
372060,0
575133,1
996535,0
627536,0
773818,0
943559,0
910094,1
40552,1
949845,1
893456,0
799680,1
478024,1
249709,0
815643,1
10542,0
313029,0
551318,1
682768,1
541054,0
921977,1
40585,1
2551,1
3449,1
306708,1
33638,0
340490,1
371368,0
403307,1
443723,1
917808,1
109773,1
964844,1
875387,1
807641,0
190559,1
929097,0
216996,1
305367,0
560286,1
643108,0
991972,1
65425,0
336322,0
126840,0
66121,1
619287,1
124378,1
587313,1
447439,1
699344,1
700265,0
201084,1
787460,0
772476,0
999493,0
649075,1
754715,0
20118,1
606310,1
629888,1
138102,0
966636,2
260253,0
837801,0
411449,0
46829,0
422748,1
703922,0
329328,0
604545,0
194969,1
386862,0
778479,1
25665,0
587685,1
154455,1
810205,1
429754,1
497142,1
332117,1
689977,1
15344,0
348067,0
445232,1
110434,1
23501,1
745898,0
348993,1
86112,1
847851,1
609103,0
839077,0
257291,1
529894,1
589853,1
916547,1
479855,0
715783,1
764927,0
784447,1
862004,0
788502,1
905470,1
59972,1
558929,0
749131,1
33039,1
692983,1
456800,1
167743,1
206677,0
76347,1
975857,0
900572,1
776019,1
315754,1
618247,1
854472,0
767416,0
824297,1
226628,1
384950,1
470743,1
628227,0
569901,0
183605,1
39796,1
967810,1
842975,1
829262,1
43283,1
263778,0
544747,1
160865,2
870306,1
317941,1
242541,1
264786,0
502689,0
175518,0
966995,1
58075,0
936594,1
945413,1
956383,1
796714,1
994587,1
855668,1
632029,1
99436,0
498187,1
459281,1
314913,1
343021,0
761759,1
9180,0
118420,0
144978,1
259239,2
597539,1
803311,-1
678530,0
738379,0
784916,0
723261,1
520511,1
318150,2
347280,1
658258,1
834309,1
742929,1
957353,0
892508,0
629115,0
45783,1
374554,1
533692,1
239498,1
31211,1
236762,0
499387,0
372368,0
264138,1
76328,1
114951,1
814831,0
268297,1
87226,1
145525,1
742467,0
733277,1
556429,1
984662,1
863695,0
718856,1
556202,1
458662,1
4008,1
65794,0
308686,2
77619,1
986237,1
536921,0
327880,0
519276,0
344602,1
369696,1
183392,0
21776,0
103782,1
395442,1
528923,0
203021,1
210803,1
244909,1
201132,0
333838,0
242928,0
549548,1
971087,2
198173,0
507787,1
744350,1
989276,1
464956,1
825104,1
893902,1
790917,1
939067,1
44875,0
725908,0
162327,1
857432,1
512973,1
665155,1
481258,1
101492,1
282384,1
563804,1
380930,1
63274,1
796774,0
642040,0
500526,0
671048,1
486218,1
511422,1
165759,1
645301,1
710223,1
990571,1
569637,1
721243,1
548509,1
274643,1
695145,0
255777,1
593154,1
502769,0
599372,1
579198,1
174276,0
952316,1
146567,1
519007,1
497620,0
83071,0
316882,1
441233,1
534393,1
313809,0
515011,1
53376,1
449332,2
358684,1
910878,1
683328,0
632209,0
63394,1
258494,2
17146,0
113406,1
791872,1
30382,0
468651,1
807521,0
844696,1
37056,1
697676,0
108031,0
863487,2
550647,0
872306,1
368994,1
987129,0
293586,1
659119,0
489550,1
688476,1
557113,0
458344,0
343594,1
423020,1
3462,0
256331,1
182779,0
726997,2
839310,0
366691,1
793782,1
761451,0
529987,1
880139,1
907108,1
95023,1
340565,0
313583,0
91110,1
674536,0
725981,1
791988,1
10750,1
70886,1
568043,1
148204,1
955877,1
710384,1
700357,1
403622,1
379890,1
214790,1
673915,1
599658,1
514363,1
12212,1
37585,1
269742,1
561455,0
233339,1
734564,1
152162,0
652743,0
842866,0
829108,1
427747,1
385763,1
867962,0
584277,1
977469,0
4565,1
596205,0
106146,1
194447,0
935981,0
382689,1
877209,0
951367,1
886593,1
413497,1
168716,1
779455,0
209806,1
556990,0
55922,1
393562,1
980856,1
921808,1
463431,1
574520,1
116121,0
43620,0
941858,0
977028,0
127189,1
997627,1
146296,0
68755,1
969351,1
666496,1
742828,0
594821,1
248163,1
212783,1
530408,1
271077,1
29116,0
97327,1
103934,1
5281,1
966764,1
833394,0
769034,1
427885,1
101015,1
135053,1
445073,1
594718,0
485337,1
652031,1
295823,0
898107,1
621822,1
593768,0
724899,1
87739,1
830073,1
142961,0
61106,0
221043,0
696913,1
295268,1
753928,0
649950,1
238297,-1
265204,1
19559,0
305511,0
992050,0
346418,0
82564,0
212312,1
150821,0
680282,0
711087,1
883893,0
360801,0
578270,1
788765,1
684593,0
177297,0
658714,1
946725,0
935871,1
453781,0
370318,1
702503,1
278400,0
944133,0
647470,0
475065,0
592615,1
579070,1
134505,1
642708,1
167603,1
555272,1
743195,1
959807,1
217024,1
443267,1
397017,0
596814,0
533952,1
800696,1
112363,1
988128,1
759592,1
684206,0
159362,0
246328,1
304396,0
54264,0
908329,1
849716,0
424570,0
133226,1
624182,1
847038,0
534999,0
514432,1
489534,1
417355,1
714692,1
250868,0
192977,2
645212,1
903171,0
214224,1
332795,1
230188,0
957788,1
102140,0
574414,1
471592,0
782767,0
151657,1
324578,1
999173,1
741669,0
934059,2
219327,1
640084,1
865195,0
577052,1
507163,1
408984,1
639773,1
479385,0
169503,0
110462,1
251179,1
969955,0
933588,1
365700,1
267452,0
797195,0
280489,1
149414,1
942202,0
603517,1
326443,0
292224,0
521526,0
960021,0
806425,0
231162,1
568815,0
966665,0
360405,0
495872,1
320667,1
66860,1
581466,1
248539,1
108857,1
644838,1
474280,0
787055,0
277933,1
273967,0
556307,1
807648,0
51870,0
94877,1
116574,0
399562,1
730487,1
951265,1
926505,0
170438,1
372720,1
591257,0
165101,1
152577,1
288444,0
57552,0
643771,0
958204,1
320134,0
210202,0
120685,1
326563,0
265061,1
764221,0
177961,1
106628,0
282903,1
981255,1
697050,1
699241,1
646970,1
695251,1
832086,1
152329,1
561889,1
590212,0
914020,1
675260,1
307271,1
738307,1
670025,1
140016,0
973171,2
732909,0
153191,1
716583,1
422296,0
293089,1
134300,0
892921,1
465699,1
609512,1
580483,1
176298,0
884073,1
172648,0
395722,1
351392,1
721553,2
681784,1
385663,1
844602,1
888673,0
976202,1
846688,1
954728,1
618950,1
762599,0
539961,1
550361,0
407571,1
656096,1
378318,0
967793,2
75392,1
177800,0
408225,0
680118,0
297379,0
527068,1
434966,0
900632,1
130158,0
341406,1
522679,0
483207,1
221942,0
587012,0
441095,1
536195,1
43396,1
991333,1
542338,1
966161,0
209660,0
653577,0
357971,1
407024,1
94220,1
638817,0
194215,1
856259,1
614917,1
621121,0
278551,1
106543,1
637263,2
868154,0
928749,1
311979,0
299209,1
838786,2
740050,0
618306,1
125116,0
943217,1
556335,1
522328,0
708449,1
76467,1
713495,0
317157,0
874864,1
769447,1
723661,0
169776,1
341817,1
279315,0
56671,1
586033,0
424489,1
670559,0
813882,0
743424,1
998561,1
35843,1
148459,1
141814,0
899926,0
66867,0
249425,0
827222,0
933298,0
717876,1
76495,1
170533,1
278,1
614316,1
215952,0
486044,0
565883,0
333596,1
774118,0
759320,1
729321,1
734928,1
996973,0
263240,0
967543,2
88271,1
51682,1
765829,1
526501,0
538022,1
464819,1
743385,1
352378,0
896685,0
344913,0
103328,1
317955,1
323535,1
884118,0
907600,1
319388,1
94543,0
906238,1
166594,1
498008,1
20718,0
137232,0
576299,1
213588,0
745401,1
490678,1
407623,1
57607,0
874698,1
708834,1
698181,1
789444,0
846358,1
726457,1
721486,1
85593,1
612031,1
338459,2
11187,0
64779,0
257851,0
222681,0
85769,1
491695,0
69652,1
978637,1
194315,1
842272,1
566358,1
836624,1
896889,0
928128,0
32619,1
4454,1
300730,0
462746,0
18230,0
762818,1
786587,1
709164,1
310079,1
300903,1
311755,1
52324,1
756349,0
360063,1
679442,1
121576,0
491908,0
660702,0
728978,1
849682,1
548683,1
277746,1
912506,1
261231,1
481398,1
529619,1
864134,0
764226,0
257799,0
366010,1
578643,1
857669,0
478994,0
673788,1
836471,0
5195,-1
744071,1
819993,0
105033,1
577219,0
451731,1
839701,1
873740,1
103273,0
829729,1
687709,1
975580,1
992939,1
755969,1
425274,1
449925,1
673834,1
242524,0
699239,0
964461,1
189638,0
440494,0
286814,0
947754,1
611158,1
930418,0
881582,1
321503,1
978268,0
90863,1
461856,1
159752,1
893413,1
97582,1
70433,1
54251,1
202195,1
410018,1
505784,-1
273223,1
886247,1
938271,0
943867,1
131809,1
617622,1
377222,1
477261,1
640045,1
965900,0
19444,1
359565,0
608805,0
232495,1
123701,0
817217,1
635161,0
247020,0
617451,1
938781,0
30759,1
705452,1
349996,1
119394,0
896443,0
719233,0
607289,1
303795,0
123568,1
287032,1
914400,1
24611,0
441152,0
100465,0
257636,1
587932,1
323729,1
50830,0
599546,1
552116,1
878865,1
494211,0
803869,0
882581,1
535734,1
995446,0
318172,0
51166,0
801017,1
447285,0
735991,1
100505,1
72085,1
844827,1
204185,1
135358,1
265254,0
426503,0
226392,0
829793,1
822833,0
613321,0
789678,1
167452,1
134392,1
761645,1
265477,0
456308,1
928781,1
488311,0
637257,0
398134,1
291255,0
636686,1
691251,1
717856,0
921344,1
16525,1
738565,1
114799,0
64363,1
349755,1
709627,1
896596,1
126674,1
20322,1
344127,1
380343,2
431495,1
666836,0
979256,1
522596,0
922437,1
936407,0
177547,1
854940,1
219086,1
285478,1
376394,1
278668,1
803944,1
919590,1
671551,0
944137,0
794925,1
756835,1
485914,1
60176,1
45335,1
155423,0
777221,0
302729,0
270476,1
564907,1
868071,1
511137,0
765166,1
686589,0
179460,0
979548,2
161158,0
122086,1
242717,1
820265,0
301262,0
548778,1
50847,0
816109,1
529955,1
223003,0
306003,1
670436,0
927913,1
797806,1
518697,1
320211,1
312148,1
703919,1
951694,1
78201,1
178353,2
856674,1
88796,2
763171,0
961797,1
331941,0
61059,0
228395,0
906839,0
796076,0
550181,1
584668,1
858574,1
397634,1
774584,0
376780,1
571842,1
598952,1
251053,1
156160,1
209792,1
623700,1
386349,1
975607,0
710461,1
414286,0
504386,1
615210,1
686504,1
201360,0
477876,1
857523,0
65576,1
311290,0
354703,1
713717,0
3484,1
333986,0
433077,2
987845,1
487343,0
389631,1
349078,2
110116,2
853938,1
280471,1
528472,0
148108,1
344553,1
916759,0
259516,1
961234,1
423634,0
857805,0
397365,1
857555,1
989563,1
288858,1
29623,1
296324,1
195452,0
89006,1
685999,1
953360,1
398016,1
23380,1
858247,1
251406,0
892567,1
544308,1
736038,0
788588,1
422746,1
839256,1
151320,0
306785,1
847300,1
992698,1
659398,1
147593,1
145217,0
223963,1
810561,1
291291,0
703836,0
211575,1
238579,2
210624,1
819555,0
558154,1
592357,1
276482,0
673932,1
995721,0
592147,1
773618,0
684165,1
350641,0
87764,0
272814,1
435767,1
62657,1
296443,0
263147,1
671827,0
928178,1
467586,0
755440,0
254496,1
460932,1
147670,1
569718,1
643831,0
886969,1
232075,1
109532,1
468568,1
4936,0
203154,1
27673,1
129667,0
98126,1
279960,1
417611,0
179502,1
649846,1
972392,1
690263,1
844854,0
64801,0
725765,1
500151,0
137665,1
327170,1
737240,1
835581,0
975161,1
76414,0
957883,1
946476,1
933294,1
854047,1
117233,1
270551,0
65083,1
202684,-1
64863,1
390621,1
149562,0
292543,1
263451,1
40122,1
573893,0
774671,0
879851,1
86848,0
397160,0
475194,0
637080,1
740039,0
925132,1
629995,0
687834,1
869772,0
762016,2
926397,1
647788,0
562390,2
535086,0
424682,1
877815,0
696873,1
475889,1
31358,1
378750,0
444206,1
608581,1
728954,1
957113,0
801794,0
518225,1
358103,1
680249,0
330131,1
639079,1
568837,0
674514,1
408712,1
751683,1
83788,1
870105,0
506017,1
990787,1
249793,1
500428,1
474046,1
285709,1
738823,1
713163,0
254402,1
784922,1
172957,1
152465,1
808051,0
485595,1
907857,1
976351,0
890487,0
22342,1
793794,0
397069,1
696234,1
446222,0
421398,1
133429,1
906252,1
414092,0
921186,0
73317,1
750866,0
404488,0
217262,1
82084,1
178765,1
856902,0
128311,0
28674,1
622104,1
530054,0
381560,1
98355,1
740344,0
138808,1
170089,1
226215,0
423833,1
369913,1
95896,0
97840,1
89084,1
239009,0
366412,0
851148,0
474593,0
633845,1
51545,1
278633,1
39361,0
221510,1
66321,1
66661,0
613615,1
942704,1
15587,1
353103,1
271735,0
159461,1
807877,1
934854,1
409387,1
203644,1
635192,1
772176,0
227248,1
319106,1
128668,1
731220,1
311826,1
808440,2
615105,1
723926,1
582734,1
520223,0
858352,0
606234,1
276096,1
254986,0
381775,0
592526,2
230347,1
61228,1
819339,0
995982,1
727863,0
186751,1
964719,0
125624,2
344973,0
949789,0
599330,0
265518,0
298147,1
226325,1
239874,0
301650,1
157290,1
345248,1
137668,1
387140,1
393316,1
940665,0
206952,0
541428,1
886796,1
546374,1
922849,0
857364,0
528773,0
348027,0
534413,1
447525,1
607037,1
136714,1
698954,1
496231,1
112559,1
746719,1
56423,1
111610,0
59106,1
324423,1
903495,1
522578,1
330418,1
170036,0
811734,1
336133,1
61446,1
286684,1
86718,0
378434,0
95056,1
157217,2
678843,1
131307,1
531053,1
947694,0
759959,1
976235,0
772212,1
869188,0
7256,1
910026,1
970748,0
960297,1
487259,1
2648,0
93493,1
320569,1
435902,1
24812,0
709950,1
191870,1
544288,0
599634,1
948396,0
628855,1
219705,1
76369,1
209707,0
529193,0
488505,1
649995,0
328227,1
734220,1
569724,0
617157,0
835618,1
497694,0
6641,1
791125,0
479666,1
232716,0
786460,0
492966,2
885363,0
346906,0
295934,1
650486,1
958263,1
939823,1
69802,1
264749,0
744004,2
903111,1
464048,1
353129,0
781817,0
105244,1
899313,1
421940,0
651955,2
966826,1
277192,0
557101,-1
16077,1
788753,0
636671,1
209113,1
17873,0
263873,1
818047,1
274518,1
137245,0
210901,1
452172,1
814366,1
212158,0
90901,0
143454,0
761556,1
505773,0
601972,1
74231,1
815985,1
481732,0
627871,1
594469,0
350756,1
269893,1
6511,1
436306,1
780075,1
143536,0
635339,0
904919,1
775083,1
201705,1
71322,0
718755,1
355397,0
7480,0
676361,0
27930,1
689435,1
6365,-1
117872,1
303319,1
758069,1
519052,0
173245,1
906749,0
9631,0
186664,0
818801,1
610128,1
200984,1
946451,1
588728,1
132012,1
746803,1
684358,1
180750,1
997932,0
291282,0
865532,0
937154,1
272540,0
28014,1
54105,1
677318,0
142298,1
546152,1
131990,0
930247,1
405814,0
849259,1
970178,1
775969,0
251906,1
209894,0
82633,0
216329,0
147245,0
375068,1
432029,0
681008,1
985356,1
83642,1
924379,0
474657,1
966145,1
943890,1
226367,1
60192,1
893971,1
418543,1
13358,1
520619,1
321598,0
741056,1
936461,1
143146,0
535965,0
281202,1
165837,0
613580,0
446237,0
897909,0
35072,0
334267,0
150295,1
414005,0
691449,1
586333,0
805955,1
994946,1
535234,1
990339,1
245539,0
142285,0
471258,0
181421,1
804056,0
250453,1
422794,1
896160,0
493299,1
579107,1
853420,1
661565,1
373413,0
962094,0
41812,0
504594,0
507593,0
210061,1
287454,1
536194,0
814693,2
400723,1
397613,1
609991,1
343360,0
519580,1
631971,1
468411,1
239916,1
937873,1
562422,1
422498,0
88056,0
370179,-1
729780,2
758644,1
965567,1
327049,0
973414,1
109041,1
457236,0
703005,1
666461,0
200379,1
800041,2
645036,0
888342,1
308411,1
896890,1
346042,0
211349,1
719119,1
599794,1
710238,1
654615,0
744157,1
68991,0
62494,1
119981,1
858023,0
470649,1
824428,0
499614,0
382254,0
927245,0
63744,1
175662,1
808354,1
859015,1
22385,1
245056,1
237976,0
884803,0
107153,0
467496,1
935108,0
835385,1
345228,1
656751,1
64369,1
822812,1
893774,0
300949,1
368266,2
762993,1
364409,1
165076,0
845006,1
482039,1
934736,1
964388,1
57305,0
955294,1
64942,1
339722,1
804326,0
196186,0
945210,1
910005,0
256047,1
684487,1
596984,1
100902,1
555448,1
972459,1
925684,0
331377,1
326789,1
649869,1
447927,1
162757,1
121988,1
876900,1
428436,1
980099,0
469400,1
69303,1
901450,1
469091,1
107745,0
759608,1
105104,0
937094,1
505536,1
166852,1
955751,0
297133,1
840457,1
246498,1
453796,1
752359,2
680137,1
651615,0
34294,1
566577,1
546774,0
672130,1
180963,0
894127,0
818501,0
57049,0
480533,0
249370,1
175803,0
390055,1
797992,0
720945,0
538702,1
526631,1
233659,1
288602,1
810965,0
111100,1
528758,1
564829,0
538223,0
39918,1
128542,0
110687,1
198596,0
64585,1
586728,1
223741,1
753397,1
290174,1
542214,0
372837,0
288012,0
94780,0
964126,1
869801,1
366133,0
702070,1
407850,0
681790,1
528548,0
830318,1
720943,1
355391,1
910133,1
644426,2
892393,1
147139,1
242092,1
337513,0
442543,1
331242,1
697685,1
238142,1
639271,1
390876,0
892822,1
368716,1
391611,0
26366,0
830437,0
213126,1
421994,1
585939,1
475433,0
481193,0
388001,1
721285,0
395050,0
577469,1
211607,1
574907,1
805807,1
661405,1
767832,1
851400,0
726350,0
826614,1
821952,1
468095,0
225454,1
937705,0
346504,1
372790,1
715616,1
281080,1
361431,0
434867,1
425309,1
698813,1
615023,1
641,1
937551,1
133842,0
252814,0
575434,1
242013,0
206664,0
399851,1
104630,0
237325,1
814076,1
438092,1
902087,1
845881,1
93753,1
746802,1
545644,0
494858,1
744232,1
518375,1
673188,1
650394,1
579240,1
283548,0
964677,2
733088,1
795451,0
189822,0
554376,1
83587,0
77193,0
802848,0
258627,1
665792,1
322201,1
23535,1
630135,0
848949,1
802178,1
203862,0
239658,0
456223,1
586979,0
474632,1
651329,0
889489,1
725388,1
477844,0
376894,0
402248,0
310164,0
130849,1
374093,1
481749,0
463808,1
288000,0
845217,1
757316,0
262230,1
167856,1
215975,0
182510,1
396184,0
449083,0
627919,1
944107,0
314291,-1
907344,1
380697,1
374602,1
568728,1
32358,1
358751,0
601169,1
563515,2
825374,1
401164,0
269512,1
736903,1
665185,0
703493,1
649176,0
89747,1
801434,1
750936,1
62996,1
197941,1
931726,1
999411,1
166179,1
415347,1
703334,0
535633,1
848046,1
26885,1
656503,1
876235,1
253058,0
335901,1
486930,1
519709,1
751553,0
15916,1
876083,1
549489,0
484787,0
339205,0
293922,1
716370,1
121979,0
355364,0
652890,1
736209,1
506571,0
874194,1
24852,1
960566,1
932863,0
329246,1
339552,0
175017,1
605037,1
910328,0
379922,0
620027,1
798220,1
378654,1
90310,1
660044,1
143190,1
350310,1
743542,0
66186,1
772331,0
205514,1
743938,1
534691,1
52110,0
179889,0
921175,1
516392,0
967962,0
8838,1
192236,1
212983,1
203985,0
710768,0
524220,0
750797,1
964888,1
969489,0
178619,1
704138,1
132174,0
46263,0
817449,2
870810,1
233755,1
609080,1
981674,1
417942,1
992917,1
84796,1
346872,1
631393,1
340881,1
216823,1
182348,1
567946,2
141268,1
684612,1
687469,1
702863,2
286035,2
284067,1
458157,0
834117,1
255010,1
797499,0
646377,1
940776,1
195519,1
993798,0
364112,1
197836,1
245546,0
365759,0
896324,0
351010,1
502504,1
332354,0
484950,1
37265,1
202025,0
886374,2
180486,-1
687405,1
298447,-1
9338,0
982971,1
328782,0
208788,1
477780,1
941588,1
576611,1
947570,1
997910,0
74986,0
496365,1
502482,1
961810,1
94242,0
183339,1
780613,1
658499,0
144485,0
485804,1
265961,1
974437,1
430035,0
906357,0
327332,1
460921,1
493471,0
16241,0
58712,1
816270,1
910551,1
771337,1
573204,0
367907,0
372518,0
639437,1
474666,1
648482,0
143860,0
114275,1
358451,1
576988,1
346022,1
533375,1
887942,0
643526,0
435200,0
73621,0
430733,1
187712,0
216777,1
236330,1
615817,1
279661,1
515797,0
846929,0
927705,1
337882,1
651214,1
751056,1
248125,1
659759,1
44797,0
798117,1
638313,1
204555,1
540417,1
352057,1
799088,1
934720,1
529609,0
358662,1
704245,0
932974,1
531048,1
71743,1
767345,0
530839,1
815047,1
128752,1
39654,1
132905,1
116459,1
165532,0
502758,1
284295,1
29769,0
818671,0
201465,1
663088,0
184683,1
281280,1
496917,1
229445,0
906993,1
734003,1
970888,1
75892,1
829171,1
487955,0
127968,1
274632,1
731069,1
221632,1
769168,1
641285,1
454883,1
821566,0
314629,1
82988,1
696785,1
797805,1
525201,1
599152,2
466357,0
191679,1
777617,1
3581,0
176471,1
188510,1
852019,0
687573,1
1499,1
687976,1
815050,0
670948,1
321255,1
683149,0
157906,1
723426,0
977979,0
693058,0
917095,1
197950,1
812383,0
122505,1
913830,1
286098,1
76092,0
544534,1
370160,1
527515,1
617472,1
177127,0
173098,0
328325,1
443275,2
662169,1
745784,1
877890,0
129486,1
57431,1
184494,1
653677,1
77414,1
766841,1
340443,1
331063,2
560136,1
791454,0
804182,0
996054,1
997577,0
678955,0
146227,1
299148,1
964213,1
703910,0
651805,1
360112,1
554929,0
460850,1
266567,0
988459,0
54960,1
262128,0
390911,0
663234,1
207607,1
166012,1
215025,1
819232,1
738464,1
152114,1
812759,1
249602,1
802862,1
713304,1
577367,1
491349,0
652650,1
967930,1
900531,1
869994,1
677812,0
576783,1
401607,1
935016,0
743175,0
966359,0
208243,1
332009,0
486157,0
343615,1
462164,1
407405,1
931719,1
642445,1
940529,0
693850,1
846956,1
999669,1
256463,1
37534,0
930321,0
495749,1
363368,0
482774,1
968706,1
984473,1
537348,0
511380,1
74611,1
714843,1
83398,0
953071,1
644182,0
636836,1
591233,1
479785,1
366080,-1
86880,0
285987,0
560727,0
248082,1
53406,1
152769,1
953075,1
798231,0
596716,1
496433,1
68652,1
415102,0
247580,1
739680,1
467608,1
120848,1
799462,0
580292,1
943835,0
990402,0
955360,1
947963,2
784748,1
502914,0
365296,0
158992,0
471246,1
345671,0
687199,0
321723,0
174439,1
442391,0
750827,1
171801,1
165677,0
563428,1
464821,1
116432,0
204331,2
644706,0
305351,1
731500,1
17208,0
19337,1
8755,0
133797,1
255140,0
627021,0
914045,2
763365,1
655183,0
773911,1
411123,1
125139,0
647348,1
335490,0
660005,1
612647,1
53118,1
402290,1
954816,1
285572,0
682172,1
229711,1
17840,0
959088,0
638708,1
940588,1
288271,0
961513,1
46205,0
27319,0
634943,0
895714,1
875167,1
78329,1
867455,1
470892,0
